Date,Capital
2015-02-01,400000.0
2015-02-02,400570.52716685744
2015-02-03,400692.3059140421
2015-02-04,400448.32507261157
2015-02-05,399819.97761592147
2015-02-06,399025.6954630173
2015-02-07,399025.6954630173
2015-02-08,399025.6954630173
2015-02-09,397678.98064794246
2015-02-10,399117.7251210711
2015-02-11,399864.6821022583
2015-02-12,400518.3893958574
2015-02-13,400374.4418538583
2015-02-14,400374.4418538583
2015-02-15,400374.4418538583
2015-02-16,402112.16151019366
2015-02-17,402112.16151019366
2015-02-18,402735.44452653016
2015-02-19,402507.4418374765
2015-02-20,402742.3778660495
2015-02-21,402742.3778660495
2015-02-22,402742.3778660495
2015-02-23,402894.3635221882
2015-02-24,402678.94408545573
2015-02-25,402652.06675726036
2015-02-26,402482.67558095953
2015-02-27,403853.5710336452
2015-02-28,403853.5710336452
2015-03-01,403853.5710336452
2015-03-02,405428.35142340075
2015-03-03,408364.90921657044
2015-03-04,408498.82529745414
2015-03-05,411255.60452330834
2015-03-06,411255.60452330834
2015-03-07,411255.60452330834
2015-03-08,411255.60452330834
2015-03-09,408255.5315985876
2015-03-10,406740.1888543647
2015-03-11,406829.31868379394
2015-03-12,408298.2992200585
2015-03-13,405121.5736884248
2015-03-14,405121.5736884248
2015-03-15,405121.5736884248
2015-03-16,404762.116484264
2015-03-17,406259.5398688372
2015-03-18,406228.31975375663
2015-03-19,404678.03409198055
2015-03-20,400564.99048038933
2015-03-21,400564.99048038933
2015-03-22,400564.99048038933
2015-03-23,399819.4231629396
2015-03-24,399742.15229005093
2015-03-25,397964.64865939145
2015-03-26,397109.0174163969
2015-03-27,397366.3702367905
2015-03-28,397366.3702367905
2015-03-29,397366.3702367905
2015-03-30,401185.18144335237
2015-03-31,404338.6556522751
2015-04-01,411097.03069662675
2015-04-02,411097.03069662675
2015-04-03,411097.03069662675
2015-04-04,411097.03069662675
2015-04-05,411097.03069662675
2015-04-06,415391.0876429259
2015-04-07,415700.7240803518
2015-04-08,419396.46403639374
2015-04-09,418239.82379605086
2015-04-10,419293.08166801475
2015-04-11,419293.08166801475
2015-04-12,419293.08166801475
2015-04-13,420294.41491048486
2015-04-14,420294.41491048486
2015-04-15,418256.7519950657
2015-04-16,415958.7281853424
2015-04-17,413518.92341056786
2015-04-18,413518.92341056786
2015-04-19,413518.92341056786
2015-04-20,409352.61557148723
2015-04-21,409601.9116148312
2015-04-22,409578.1800669594
2015-04-23,407956.5070427287
2015-04-24,400552.19436572766
2015-04-25,400552.19436572766
2015-04-26,400552.19436572766
2015-04-27,392993.70420992066
2015-04-28,398277.6935128136
2015-04-29,403400.491319973
2015-04-30,405343.9989056757
2015-05-01,405343.9989056757
2015-05-02,405343.9989056757
2015-05-03,405343.9989056757
2015-05-04,409988.0130711304
2015-05-05,411709.7172033668
2015-05-06,400611.67539901164
2015-05-07,395492.38014114235
2015-05-08,401419.1186820549
2015-05-09,401419.1186820549
2015-05-10,401419.1186820549
2015-05-11,405061.5886597084
2015-05-12,400404.9340114026
2015-05-13,405532.78419456875
2015-05-14,407744.14534157416
2015-05-15,406701.5373886241
2015-05-16,406701.5373886241
2015-05-17,406701.5373886241
2015-05-18,408567.6658090607
2015-05-19,411573.4800487708
2015-05-20,410209.2654480585
2015-05-21,409791.39453412924
2015-05-22,409873.56883220037
2015-05-23,409873.56883220037
2015-05-24,409873.56883220037
2015-05-25,409937.26712800586
2015-05-26,410479.2242849548
2015-05-27,408635.3413301954
2015-05-28,409201.8330588974
2015-05-29,414274.9680481082
2015-05-30,414274.9680481082
2015-05-31,414274.9680481082
2015-06-01,416503.8235821045
2015-06-02,408410.5963980278
2015-06-03,399180.62882218807
2015-06-04,401279.84670039715
2015-06-05,402794.72438822023
2015-06-06,402794.72438822023
2015-06-07,402794.72438822023
2015-06-08,398303.9334940207
2015-06-09,395404.5009129301
2015-06-10,399190.01776675135
2015-06-11,394484.27194548066
2015-06-12,387533.5461197114
2015-06-13,387533.5461197114
2015-06-14,387533.5461197114
2015-06-15,388573.33123884595
2015-06-16,391822.34389031166
2015-06-17,394318.2235802844
2015-06-18,397652.61886330723
2015-06-19,399964.593794253
2015-06-20,399964.593794253
2015-06-21,399964.593794253
2015-06-22,407233.4077288342
2015-06-23,406779.7869350329
2015-06-24,404887.60298019584
2015-06-25,408420.7154523694
2015-06-26,412009.2184716934
2015-06-27,412009.2184716934
2015-06-28,412009.2184716934
2015-06-29,406149.0446672944
2015-06-30,409625.29828189634
2015-07-01,418062.53210141184
2015-07-02,421019.2204386007
2015-07-03,420301.04793017975
2015-07-04,420301.04793017975
2015-07-05,420301.04793017975
2015-07-06,426397.7246799402
2015-07-07,430552.07413185097
2015-07-08,424227.0479461774
2015-07-09,425278.14889765764
2015-07-10,426143.6908366214
2015-07-11,426143.6908366214
2015-07-12,426143.6908366214
2015-07-13,427838.8349544992
2015-07-14,431000.20597097283
2015-07-15,434130.548332395
2015-07-16,440417.6423596606
2015-07-17,444270.0708913615
2015-07-18,444270.0708913615
2015-07-19,444270.0708913615
2015-07-20,448037.80732038
2015-07-21,442905.4694322238
2015-07-22,447482.3204978977
2015-07-23,454831.49640966125
2015-07-24,459324.8454996579
2015-07-25,459324.8454996579
2015-07-26,459324.8454996579
2015-07-27,455647.5205584258
2015-07-28,458863.7037291535
2015-07-29,467204.077016969
2015-07-30,475421.3408674194
2015-07-31,476774.10775775
2015-08-01,476774.10775775
2015-08-02,476774.10775775
2015-08-03,489306.9245368651
2015-08-04,491658.6068177989
2015-08-05,499298.31974108156
2015-08-06,488812.11053131183
2015-08-07,490773.0649425881
2015-08-08,490773.0649425881
2015-08-09,490773.0649425881
2015-08-10,484459.39401670406
2015-08-11,470208.2990072235
2015-08-12,455510.61500776827
2015-08-13,450044.1462284697
2015-08-14,461293.1034895335
2015-08-15,461293.1034895335
2015-08-16,461293.1034895335
2015-08-17,461862.11621508945
2015-08-18,482138.7670285146
2015-08-19,483589.89858749503
2015-08-20,474278.62523918634
2015-08-21,470842.27535645367
2015-08-22,470842.27535645367
2015-08-23,470842.27535645367
2015-08-24,416569.3791043755
2015-08-25,431331.628491553
2015-08-26,432216.8448727851
2015-08-27,444685.36785530864
2015-08-28,448878.6344069788
2015-08-29,448878.6344069788
2015-08-30,448878.6344069788
2015-08-31,447308.74292159727
2015-09-01,434607.3615817949
2015-09-02,438297.9953228697
2015-09-03,443416.23391312757
2015-09-04,427320.6151679838
2015-09-05,427320.6151679838
2015-09-06,427320.6151679838
2015-09-07,418822.00076263864
2015-09-08,427497.5218438957
2015-09-09,442137.6918513852
2015-09-10,443960.5274164538
2015-09-11,449504.8598737346
2015-09-12,449504.8598737346
2015-09-13,449504.8598737346
2015-09-14,451103.84622311144
2015-09-15,443008.75524265476
2015-09-16,438683.9003515651
2015-09-17,438683.9003515651
2015-09-18,447285.8040847788
2015-09-19,447285.8040847788
2015-09-20,447285.8040847788
2015-09-21,449581.11055668275
2015-09-22,443740.28532047203
2015-09-23,447266.17748327344
2015-09-24,454010.22475343617
2015-09-25,454010.22475343617
2015-09-26,454010.22475343617
2015-09-27,454010.22475343617
2015-09-28,451910.2299403962
2015-09-29,455006.8677437846
2015-09-30,458483.72821442195
2015-10-01,456945.13068121555
2015-10-02,456945.13068121555
2015-10-03,456945.13068121555
2015-10-04,456945.13068121555
2015-10-05,470974.237458128
2015-10-06,477092.57091903256
2015-10-07,473182.65911640716
2015-10-08,467948.53590138885
2015-10-09,462177.4527551834
2015-10-10,462177.4527551834
2015-10-11,462177.4527551834
2015-10-12,462086.39507612505
2015-10-13,461736.31675800105
2015-10-14,464459.2863745024
2015-10-15,462879.16076859925
2015-10-16,462849.398033167
2015-10-17,462849.398033167
2015-10-18,462849.398033167
2015-10-19,465978.58098096726
2015-10-20,468718.77534217644
2015-10-21,469367.7477725467
2015-10-22,469367.7477725467
2015-10-23,465571.2417768062
2015-10-24,465571.2417768062
2015-10-25,465571.2417768062
2015-10-26,462620.6726222224
2015-10-27,459569.3400972999
2015-10-28,463720.86916414596
2015-10-29,462902.9911617041
2015-10-30,456162.31279075664
2015-10-31,456162.31279075664
2015-11-01,456162.31279075664
2015-11-02,455930.9476463322
2015-11-03,457776.2291148865
2015-11-04,456268.22327845835
2015-11-05,449448.813096808
2015-11-06,445433.59515077044
2015-11-07,445433.59515077044
2015-11-08,445433.59515077044
2015-11-09,448054.50918036216
2015-11-10,443240.1344320957
2015-11-11,443240.1344320957
2015-11-12,443240.1344320957
2015-11-13,444994.42683431547
2015-11-14,444994.42683431547
2015-11-15,444994.42683431547
2015-11-16,451640.86358030135
2015-11-17,453267.77420203673
2015-11-18,449979.2905930169
2015-11-19,457516.49049903057
2015-11-20,460413.9730008301
2015-11-21,460413.9730008301
2015-11-22,460413.9730008301
2015-11-23,465186.11730145256
2015-11-24,470991.9098204371
2015-11-25,470991.9098204371
2015-11-26,470699.8110925817
2015-11-27,472991.5493389508
2015-11-28,472991.5493389508
2015-11-29,472991.5493389508
2015-11-30,478490.5466485204
2015-12-01,476562.6572090657
2015-12-02,477990.9623680544
2015-12-03,477309.393657736
2015-12-04,471856.4005329666
2015-12-05,471856.4005329666
2015-12-06,471856.4005329666
2015-12-07,473928.1813574906
2015-12-08,467682.7204319477
2015-12-09,452802.86124146497
2015-12-10,460709.60276499594
2015-12-11,456727.2173638759
2015-12-12,456727.2173638759
2015-12-13,456727.2173638759
2015-12-14,463346.10057463415
2015-12-15,468063.7610878367
2015-12-16,467008.29769109504
2015-12-17,478937.53331228223
2015-12-18,479364.7706014543
2015-12-19,479364.7706014543
2015-12-20,479364.7706014543
2015-12-21,484424.4069204328
2015-12-22,489554.88155917556
2015-12-23,492351.0981524873
2015-12-24,493686.66552644025
2015-12-25,493686.66552644025
2015-12-26,493686.66552644025
2015-12-27,493686.66552644025
2015-12-28,496296.5729813739
2015-12-29,497616.80055274494
2015-12-30,497913.1212635055
2015-12-31,497718.6118642451
2016-01-01,503949.6766623056
2016-01-02,503949.6766623056
2016-01-03,503949.6766623056
2016-01-04,493988.93957730796
2016-01-05,495396.7262095207
2016-01-06,493901.29022231733
2016-01-07,476093.45908136654
2016-01-08,478314.9166188664
2016-01-09,478314.9166188664
2016-01-10,478314.9166188664
2016-01-11,472426.257789616
2016-01-12,474550.6596312697
2016-01-13,462508.91947509936
2016-01-14,452450.55276479054
2016-01-15,436168.14685361367
2016-01-16,436168.14685361367
2016-01-17,436168.14685361367
2016-01-18,413505.7083848298
2016-01-19,418820.84047647857
2016-01-20,409657.2416848118
2016-01-21,414041.4267018248
2016-01-22,427770.61144424416
2016-01-23,427770.61144424416
2016-01-24,427770.61144424416
2016-01-25,434625.1712184147
2016-01-26,434625.1712184147
2016-01-27,439501.58022298437
2016-01-28,441378.0663202923
2016-01-29,443821.0767737694
2016-01-30,443821.0767737694
2016-01-31,443821.0767737694
2016-02-01,449822.8857932503
2016-02-02,445865.7333114906
2016-02-03,438175.0624581344
2016-02-04,435248.2827776809
2016-02-05,446166.94423493894
2016-02-06,446166.94423493894
2016-02-07,446166.94423493894
2016-02-08,442484.28364672227
2016-02-09,436799.2280937419
2016-02-10,428328.5222326135
2016-02-11,401938.53369009244
2016-02-12,395096.14802435355
2016-02-13,395096.14802435355
2016-02-14,395096.14802435355
2016-02-15,412041.98656554805
2016-02-16,403495.0183973629
2016-02-17,404615.5501302872
2016-02-18,408766.0652559547
2016-02-19,410710.97454040224
2016-02-20,410710.97454040224
2016-02-21,410710.97454040224
2016-02-22,415636.7176569444
2016-02-23,410294.1905048069
2016-02-24,402233.69998944865
2016-02-25,398575.7369248076
2016-02-26,395367.96786877094
2016-02-27,395367.96786877094
2016-02-28,395367.96786877094
2016-02-29,392364.18839927873
2016-03-01,408991.2204129942
2016-03-02,416721.9549375006
2016-03-03,422171.8449685299
2016-03-04,425543.2209264939
2016-03-05,425543.2209264939
2016-03-06,425543.2209264939
2016-03-07,425543.2209264939
2016-03-08,428995.2905895793
2016-03-09,435644.37216542964
2016-03-10,436668.2060079337
2016-03-11,440217.8281981823
2016-03-12,440217.8281981823
2016-03-13,440217.8281981823
2016-03-14,442692.6503846146
2016-03-15,437408.55758684286
2016-03-16,435437.6308865871
2016-03-17,433975.20499427506
2016-03-18,439482.52773840784
2016-03-19,439482.52773840784
2016-03-20,439482.52773840784
2016-03-21,446958.62850784307
2016-03-22,445958.35041346395
2016-03-23,453893.83690199454
2016-03-24,453893.83690199454
2016-03-25,453893.83690199454
2016-03-26,453893.83690199454
2016-03-27,453893.83690199454
2016-03-28,441866.9304709934
2016-03-29,441636.8036484418
2016-03-30,450575.5254427946
2016-03-31,451096.5452665397
2016-04-01,455555.19159005006
2016-04-02,455555.19159005006
2016-04-03,455555.19159005006
2016-04-04,454524.3595162535
2016-04-05,444554.4629105068
2016-04-06,444737.77933714585
2016-04-07,442536.26385633403
2016-04-08,447128.0743529409
2016-04-09,447128.0743529409
2016-04-10,447128.0743529409
2016-04-11,450334.67176431726
2016-04-12,454804.1183830138
2016-04-13,462952.7351905427
2016-04-14,462952.7351905427
2016-04-15,462952.7351905427
2016-04-16,462952.7351905427
2016-04-17,462952.7351905427
2016-04-18,471537.7392035426
2016-04-19,471537.7392035426
2016-04-20,473695.37284300855
2016-04-21,472912.90510522114
2016-04-22,472040.4578565243
2016-04-23,472040.4578565243
2016-04-24,472040.4578565243
2016-04-25,471509.0508790977
2016-04-26,477411.4589209021
2016-04-27,477772.5657191058
2016-04-28,467647.23741302354
2016-04-29,469668.09693930025
2016-04-30,469668.09693930025
2016-05-01,469668.0969393002
2016-05-02,469007.63064082264
2016-05-03,468363.7406255249
2016-05-04,460582.96946823905
2016-05-05,457272.93420036003
2016-05-06,455233.1500725682
2016-05-07,455233.1500725682
2016-05-08,455233.1500725682
2016-05-09,461473.91908985155
2016-05-10,462921.2579172032
2016-05-11,460182.26711389155
2016-05-12,467882.3264468388
2016-05-13,464494.178346654
2016-05-14,464494.178346654
2016-05-15,464494.178346654
2016-05-16,462348.0720126703
2016-05-17,464282.5009204513
2016-05-18,465521.54171099025
2016-05-19,458803.5094173165
2016-05-20,454243.0948616716
2016-05-21,454243.0948616716
2016-05-22,454243.0948616716
2016-05-23,451368.2156471516
2016-05-24,444956.1314940704
2016-05-25,451108.688895954
2016-05-26,455273.9134400113
2016-05-27,460925.12401617627
2016-05-28,460925.12401617627
2016-05-29,460925.12401617627
2016-05-30,461494.7604306336
2016-05-31,465214.7733584363
2016-06-01,467027.90388889716
2016-06-02,470472.39038537996
2016-06-03,468915.08999024576
2016-06-04,468915.08999024576
2016-06-05,468915.08999024576
2016-06-06,467123.8637189183
2016-06-07,470695.4418622536
2016-06-08,470263.8356386412
2016-06-09,471300.1589386946
2016-06-10,471500.5904104116
2016-06-11,471500.5904104116
2016-06-12,471500.5904104116
2016-06-13,469784.07992262533
2016-06-14,473953.5308452196
2016-06-15,474554.5861361102
2016-06-16,471875.9343139906
2016-06-17,474592.3246362369
2016-06-18,474592.3246362369
2016-06-19,474592.3246362369
2016-06-20,474240.6045248499
2016-06-21,478145.3787809339
2016-06-22,473716.53539613815
2016-06-23,473078.0590800493
2016-06-24,463111.1680237296
2016-06-25,463111.1680237296
2016-06-26,463111.1680237296
2016-06-27,469784.61021227646
2016-06-28,470524.59756032267
2016-06-29,475450.3960297609
2016-06-30,481377.22534621775
2016-07-01,483997.0207456583
2016-07-02,483997.0207456583
2016-07-03,483997.0207456583
2016-07-04,490071.15558438597
2016-07-05,489676.2844672052
2016-07-06,489676.2844672052
2016-07-07,494961.32947649393
2016-07-08,494780.8443383039
2016-07-09,494780.8443383039
2016-07-10,494780.8443383039
2016-07-11,500983.3651426621
2016-07-12,505732.3187989166
2016-07-13,498263.2947266523
2016-07-14,501433.5546504547
2016-07-15,501186.9513926115
2016-07-16,501186.9513926115
2016-07-17,501186.9513926115
2016-07-18,497246.7859514273
2016-07-19,500427.544747786
2016-07-20,503411.474613767
2016-07-21,504321.8980172327
2016-07-22,508033.35744282155
2016-07-23,508033.35744282155
2016-07-24,508033.35744282155
2016-07-25,508988.49121305335
2016-07-26,504024.9008418431
2016-07-27,507495.6205509297
2016-07-28,508898.8394792034
2016-07-29,513581.3092328861
2016-07-30,513581.3092328861
2016-07-31,513581.3092328861
2016-08-01,514340.73556866386
2016-08-02,508129.38711893826
2016-08-03,502323.9736129887
2016-08-04,505314.0299764477
2016-08-05,512593.2295924411
2016-08-06,512593.2295924411
2016-08-07,512593.2295924411
2016-08-08,518412.0459940764
2016-08-09,511895.2850103248
2016-08-10,506298.4954886633
2016-08-11,508748.82514519204
2016-08-12,508341.1810166629
2016-08-13,508341.1810166629
2016-08-14,508341.1810166629
2016-08-15,508341.1810166629
2016-08-16,507855.70153878833
2016-08-17,509065.02855431003
2016-08-18,516934.4329777089
2016-08-19,516697.5289230754
2016-08-20,516697.5289230754
2016-08-21,516697.5289230754
2016-08-22,511260.8793647998
2016-08-23,507598.86102196417
2016-08-24,509203.31897987693
2016-08-25,507047.89842519106
2016-08-26,510519.2003758969
2016-08-27,510519.2003758969
2016-08-28,510519.2003758969
2016-08-29,510132.80902339076
2016-08-30,513906.21878610365
2016-08-31,511075.8160103739
2016-09-01,507777.1294828213
2016-09-02,507593.0022808809
2016-09-03,507593.0022808809
2016-09-04,507593.0022808809
2016-09-05,507593.0022808809
2016-09-06,513224.8160722002
2016-09-07,516350.26304584177
2016-09-08,520099.6752143946
2016-09-09,514684.4618590583
2016-09-10,514684.4618590583
2016-09-11,514684.4618590583
2016-09-12,502813.55823199527
2016-09-13,502813.55823199527
2016-09-14,508377.561582785
2016-09-15,512605.6304873277
2016-09-16,515775.37690103013
2016-09-17,515775.37690103013
2016-09-18,515775.37690103013
2016-09-19,522330.0169570087
2016-09-20,522439.1645698593
2016-09-21,522620.8287582151
2016-09-22,525612.3900634483
2016-09-23,524523.6512781989
2016-09-24,524523.6512781989
2016-09-25,524523.6512781989
2016-09-26,522508.66930408485
2016-09-27,519901.7759182316
2016-09-28,524165.278662747
2016-09-29,493739.36100979976
2016-09-30,503258.3029654958
2016-10-01,503258.3029654958
2016-10-02,503258.3029654958
2016-10-03,518451.6443947186
2016-10-04,522999.38884612673
2016-10-05,523045.43995177717
2016-10-06,518848.4594251305
2016-10-07,517107.0679734766
2016-10-08,517107.0679734766
2016-10-09,517107.0679734766
2016-10-10,516823.31295287685
2016-10-11,516823.31295287685
2016-10-12,516823.31295287685
2016-10-13,506878.98018368887
2016-10-14,510683.2235738437
2016-10-15,510683.2235738437
2016-10-16,510683.2235738437
2016-10-17,507498.12705030054
2016-10-18,514995.1926331074
2016-10-19,514378.05355828477
2016-10-20,514876.4747856476
2016-10-21,516533.40578755725
2016-10-22,516533.40578755725
2016-10-23,516533.40578755725
2016-10-24,518261.29801447736
2016-10-25,520090.5683474287
2016-10-26,513849.1538377139
2016-10-27,511666.4376038277
2016-10-28,514337.7550306689
2016-10-29,514337.7550306689
2016-10-30,514337.7550306689
2016-10-31,514337.7550306689
2016-11-01,518278.09318515635
2016-11-02,506739.8209228929
2016-11-03,501618.11203798215
2016-11-04,486786.7585429249
2016-11-05,486786.7585429249
2016-11-06,486786.7585429249
2016-11-07,496276.5733582813
2016-11-08,499578.923248513
2016-11-09,477565.9155362677
2016-11-10,489253.5244994539
2016-11-11,473076.17637813126
2016-11-12,473076.17637813126
2016-11-13,473076.17637813126
2016-11-14,473076.17637813126
2016-11-15,449764.8965223815
2016-11-16,448903.8332245545
2016-11-17,447984.6490095601
2016-11-18,452191.3396237394
2016-11-19,452191.3396237394
2016-11-20,452191.3396237394
2016-11-21,435894.44654390914
2016-11-22,439557.43715760467
2016-11-23,451509.47715867014
2016-11-24,448556.66254071187
2016-11-25,459012.16822607344
2016-11-26,459012.16822607344
2016-11-27,459012.16822607344
2016-11-28,464281.5270353102
2016-11-29,470581.8811258483
2016-11-30,478028.19780268514
2016-12-01,470489.6713829167
2016-12-02,464434.4703922361
2016-12-03,464434.4703922361
2016-12-04,464434.4703922361
2016-12-05,468847.49426374584
2016-12-06,469599.8410646097
2016-12-07,467954.33841296175
2016-12-08,475595.2535217554
2016-12-09,477531.7473837808
2016-12-10,477531.7473837808
2016-12-11,477531.7473837808
2016-12-12,473729.11769449286
2016-12-13,472516.990824093
2016-12-14,469624.46570488776
2016-12-15,472178.4445845941
2016-12-16,471713.28481402353
2016-12-17,471713.28481402353
2016-12-18,471713.28481402353
2016-12-19,470523.31362851406
2016-12-20,465026.30249559955
2016-12-21,465358.37867737236
2016-12-22,459460.79200854246
2016-12-23,456542.57019401796
2016-12-24,456542.57019401796
2016-12-25,456542.57019401796
2016-12-26,447265.4347708574
2016-12-27,453413.44994635775
2016-12-28,456189.45616062975
2016-12-29,464342.3117094344
2016-12-30,471056.1694936468
2016-12-31,471056.1694936468
2017-01-01,471056.1694936469
2017-01-02,480000.6816475095
2017-01-03,484171.2694960516
2017-01-04,487253.6957031995
2017-01-05,494553.05551754934
2017-01-06,494158.55425630516
2017-01-07,494158.55425630516
2017-01-08,494158.55425630516
2017-01-09,496824.62077716616
2017-01-10,502560.6586194432
2017-01-11,513374.5441895536
2017-01-12,508830.65853456105
2017-01-13,511056.2792577253
2017-01-14,511056.2792577253
2017-01-15,511056.2792577253
2017-01-16,512480.4423850042
2017-01-17,512790.69364926376
2017-01-18,518506.05248425226
2017-01-19,520668.06102705386
2017-01-20,509685.79492547957
2017-01-21,509685.79492547957
2017-01-22,509685.79492547957
2017-01-23,518787.27474289987
2017-01-24,520326.6002168638
2017-01-25,531410.1811235683
2017-01-26,531410.1811235683
2017-01-27,533556.2489486443
2017-01-28,533556.2489486443
2017-01-29,533556.2489486443
2017-01-30,532061.0658215033
2017-01-31,530052.8656138505
2017-02-01,538209.5302107316
2017-02-02,544217.0550537198
2017-02-03,545910.1799585759
2017-02-04,545910.1799585759
2017-02-05,545910.1799585759
2017-02-06,555949.5934497049
2017-02-07,555711.3014686061
2017-02-08,556658.1318850177
2017-02-09,560665.0431348041
2017-02-10,556734.6699184732
2017-02-11,556734.6699184732
2017-02-12,556734.6699184732
2017-02-13,550011.9002412083
2017-02-14,547874.4318816555
2017-02-15,540290.5727674321
2017-02-16,551837.839637931
2017-02-17,554847.4315930221
2017-02-18,554847.4315930221
2017-02-19,554847.4315930221
2017-02-20,560593.6226834006
2017-02-21,563680.3984280538
2017-02-22,566267.5272436156
2017-02-23,565182.746624714
2017-02-24,565182.746624714
2017-02-25,565182.746624714
2017-02-26,565182.746624714
2017-02-27,576143.1001683145
2017-02-28,582237.8283424089
2017-03-01,587410.8238096347
2017-03-02,570111.9980885966
2017-03-03,582122.9278569666
2017-03-04,582122.9278569666
2017-03-05,582122.9278569666
2017-03-06,590383.9208466935
2017-03-07,592702.749904937
2017-03-08,588291.5763339746
2017-03-09,586166.1340948441
2017-03-10,584300.2169658755
2017-03-11,584300.2169658755
2017-03-12,584300.2169658755
2017-03-13,584300.2169658755
2017-03-14,593968.0480836148
2017-03-15,599636.5714051393
2017-03-16,605048.1483517545
2017-03-17,601992.2252480141
2017-03-18,601992.2252480141
2017-03-19,601992.2252480141
2017-03-20,600624.0783114976
2017-03-21,600862.5501513862
2017-03-22,593305.2425722678
2017-03-23,602573.520135875
2017-03-24,601620.3705011883
2017-03-25,601620.3705011883
2017-03-26,601620.3705011883
2017-03-27,592241.3254703438
2017-03-28,595847.9296777056
2017-03-29,595265.0520107517
2017-03-30,599567.2473643678
2017-03-31,594782.208029224
2017-04-01,594782.208029224
2017-04-02,594782.208029224
2017-04-03,601545.3947289463
2017-04-04,601545.3947289463
2017-04-05,604756.3576249521
2017-04-06,599688.5297892303
2017-04-07,593785.0514337416
2017-04-08,593785.0514337416
2017-04-09,593785.0514337416
2017-04-10,598627.3141515305
2017-04-11,606101.2387261834
2017-04-12,602386.2492417764
2017-04-13,601608.6384411518
2017-04-14,601608.6384411518
2017-04-15,601608.6384411518
2017-04-16,601608.6384411518
2017-04-17,619897.6717707741
2017-04-18,612485.4623501654
2017-04-19,616400.2981002709
2017-04-20,622487.9744483294
2017-04-21,624052.229357137
2017-04-22,624052.229357137
2017-04-23,624052.229357137
2017-04-24,628437.27664374
2017-04-25,639733.1711577588
2017-04-26,632957.0263030876
2017-04-27,632964.5345438988
2017-04-28,629210.1018875571
2017-04-29,629210.1018875571
2017-04-30,629210.1018875571
2017-05-01,629210.1018875571
2017-05-02,630054.8121516202
2017-05-03,625329.0372443025
2017-05-04,632111.2081554603
2017-05-05,629196.6647724833
2017-05-06,629196.6647724833
2017-05-07,629196.6647724833
2017-05-08,640142.269667293
2017-05-09,636043.471490835
2017-05-10,640068.7066962101
2017-05-11,640212.2655066074
2017-05-12,634957.6416711933
2017-05-13,634957.6416711933
2017-05-14,634957.6416711933
2017-05-15,641233.3413040235
2017-05-16,645017.9893326795
2017-05-17,642687.2183680806
2017-05-18,627526.8437128142
2017-05-19,622396.7477519125
2017-05-20,622396.7477519125
2017-05-21,622396.7477519125
2017-05-22,611710.7391610824
2017-05-23,595384.1203892777
2017-05-24,582093.4328802893
2017-05-25,600576.0355449538
2017-05-26,610074.2848378856
2017-05-27,610074.2848378856
2017-05-28,610074.2848378856
2017-05-29,601019.1239289287
2017-05-30,600526.8294368045
2017-05-31,609839.1151317797
2017-06-01,612156.8869867234
2017-06-02,618238.357346479
2017-06-03,618238.357346479
2017-06-04,618238.357346479
2017-06-05,627414.1777425102
2017-06-06,627695.1431141006
2017-06-07,630905.9075494265
2017-06-08,629848.5677381038
2017-06-09,630352.6881325676
2017-06-10,630352.6881325676
2017-06-11,630352.6881325676
2017-06-12,625898.3528842102
2017-06-13,628683.1728139635
2017-06-14,625864.1981298414
2017-06-15,631911.2791642644
2017-06-16,637126.9700131072
2017-06-17,637126.9700131072
2017-06-18,637126.9700131072
2017-06-19,638707.0999389103
2017-06-20,643548.9185428543
2017-06-21,644235.0699726499
2017-06-22,636838.3363981044
2017-06-23,637851.7121931139
2017-06-24,637851.7121931139
2017-06-25,637851.7121931139
2017-06-26,637851.7121931139
2017-06-27,635569.8939165518
2017-06-28,633074.078952569
2017-06-29,646246.6476091592
2017-06-30,639959.9034912537
2017-07-01,639959.9034912536
2017-07-02,639959.9034912536
2017-07-03,645833.0712921054
2017-07-04,641894.7866240098
2017-07-05,653082.418493888
2017-07-06,656654.9112172669
2017-07-07,662810.8440609018
2017-07-08,662810.8440609018
2017-07-09,662810.8440609018
2017-07-10,663644.0123142158
2017-07-11,659320.3986307407
2017-07-12,664843.5902220146
2017-07-13,666673.4198677286
2017-07-14,668886.0173979285
2017-07-15,668886.0173979285
2017-07-16,668886.0173979285
2017-07-17,676804.8098645054
2017-07-18,673940.4601884501
2017-07-19,685470.4448839321
2017-07-20,687542.9455237059
2017-07-21,699985.3570979899
2017-07-22,699985.3570979899
2017-07-23,699985.3570979899
2017-07-24,703988.0201473656
2017-07-25,700388.6539583106
2017-07-26,715079.609686276
2017-07-27,714218.1071533518
2017-07-28,718011.554956831
2017-07-29,718011.554956831
2017-07-30,718011.554956831
2017-07-31,717168.8758579238
2017-08-01,721895.9156667892
2017-08-02,710455.2461628753
2017-08-03,705691.6257483553
2017-08-04,705995.8489424376
2017-08-05,705995.8489424376
2017-08-06,705995.8489424376
2017-08-07,729439.8515574789
2017-08-08,711228.7517030326
2017-08-09,698605.8074141263
2017-08-10,662191.0325860529
2017-08-11,653155.3094221933
2017-08-12,653155.3094221933
2017-08-13,653155.3094221933
2017-08-14,677286.6232330671
2017-08-15,677286.6232330671
2017-08-16,684680.0632300053
2017-08-17,689505.0752932345
2017-08-18,680778.8032759948
2017-08-19,680778.8032759948
2017-08-20,680778.8032759948
2017-08-21,667136.0261923994
2017-08-22,663307.1722143574
2017-08-23,679187.946316058
2017-08-24,688376.8123942256
2017-08-25,688376.8123942256
2017-08-26,688376.8123942256
2017-08-27,688376.8123942256
2017-08-28,704977.393202259
2017-08-29,686424.8911738468
2017-08-30,709123.9953890011
2017-08-31,715682.565368259
2017-09-01,721774.6645832765
2017-09-02,721774.6645832765
2017-09-03,721774.6645832765
2017-09-04,712905.5409044016
2017-09-05,724930.3308340046
2017-09-06,723153.584850228
2017-09-07,729702.5770303534
2017-09-08,726855.4861926774
2017-09-09,726855.4861926774
2017-09-10,726855.4861926774
2017-09-11,720830.9635503631
2017-09-12,726455.6788755024
2017-09-13,720156.2870155736
2017-09-14,722036.4951012525
2017-09-15,722809.4696806225
2017-09-16,722809.4696806225
2017-09-17,722809.4696806225
2017-09-18,727158.8732873506
2017-09-19,731947.4029776237
2017-09-20,733508.6621832025
2017-09-21,727071.6323225206
2017-09-22,695600.1633171211
2017-09-23,695600.1633171211
2017-09-24,695600.1633171211
2017-09-25,665445.6570694542
2017-09-26,676487.3849261233
2017-09-27,658820.0067407934
2017-09-28,668220.7559307913
2017-09-29,682070.3471810332
2017-09-30,682070.3471810332
2017-10-01,682070.3471810333
2017-10-02,682070.3471810333
2017-10-03,684124.1265438092
2017-10-04,689785.6192796249
2017-10-05,694792.6079288488
2017-10-06,707037.3585952555
2017-10-07,707037.3585952555
2017-10-08,707037.3585952555
2017-10-09,705266.0621233614
2017-10-10,714745.7868157121
2017-10-11,704066.8975939907
2017-10-12,710087.7448543598
2017-10-13,710013.0168068132
2017-10-14,710013.0168068132
2017-10-15,710013.0168068132
2017-10-16,706219.3149487128
2017-10-17,709959.7579003796
2017-10-18,712842.6802981008
2017-10-19,709493.358672869
2017-10-20,709493.358672869
2017-10-21,709493.358672869
2017-10-22,709493.358672869
2017-10-23,707177.5988263525
2017-10-24,709860.2493080602
2017-10-25,711938.3059163506
2017-10-26,708476.0156996547
2017-10-27,710203.803347658
2017-10-28,710203.803347658
2017-10-29,710203.803347658
2017-10-30,722309.4482486985
2017-10-31,721699.1240331565
2017-11-01,726881.3058996408
2017-11-02,736868.2965990877
2017-11-03,741635.2174382643
2017-11-04,741635.2174382643
2017-11-05,741635.2174382643
2017-11-06,753231.3963850373
2017-11-07,743325.8713021792
2017-11-08,734448.5586766939
2017-11-09,737336.2423566952
2017-11-10,742090.7529223947
2017-11-11,742090.7529223947
2017-11-12,742090.7529223947
2017-11-13,748079.405049613
2017-11-14,740014.052213059
2017-11-15,725246.2468118261
2017-11-16,729967.2632443658
2017-11-17,735929.3834999759
2017-11-18,735929.3834999759
2017-11-19,735929.3834999759
2017-11-20,745708.7214701116
2017-11-21,744662.3349849099
2017-11-22,744859.0571960132
2017-11-23,739866.6262353136
2017-11-24,740842.586288164
2017-11-25,740842.586288164
2017-11-26,740842.586288164
2017-11-27,749887.5580515682
2017-11-28,751940.142086172
2017-11-29,749057.4859228078
2017-11-30,747230.6926581465
2017-12-01,734523.0758746752
2017-12-02,734523.0758746752
2017-12-03,734523.0758746752
2017-12-04,729693.5098941155
2017-12-05,724288.6078273946
2017-12-06,718380.7584310371
2017-12-07,728498.7642163149
2017-12-08,741378.2715054492
2017-12-09,741378.2715054492
2017-12-10,741378.2715054492
2017-12-11,744658.4948903855
2017-12-12,739701.1491588535
2017-12-13,734145.2733197792
2017-12-14,726177.7594037243
2017-12-15,742107.1404111858
2017-12-16,742107.1404111858
2017-12-17,742107.1404111858
2017-12-18,744015.5416155495
2017-12-19,757820.8196971952
2017-12-20,763879.8646201696
2017-12-21,777512.0752751277
2017-12-22,775843.6285938979
2017-12-23,775843.6285938979
2017-12-24,775843.6285938979
2017-12-25,775843.6285938979
2017-12-26,789872.3937330063
2017-12-27,787032.9282548551
2017-12-28,790335.2287995658
2017-12-29,793388.0608422582
2017-12-30,793388.0608422582
2017-12-31,793388.0608422582
2018-01-01,796204.1542196807
2018-01-02,789104.276171678
2018-01-03,792775.8724602784
2018-01-04,796773.0475539108
2018-01-05,810375.58959432
2018-01-06,810375.58959432
2018-01-07,810375.58959432
2018-01-08,823039.7002851185
2018-01-09,817149.2560509829
2018-01-10,825731.4991494988
2018-01-11,833330.0909969286
2018-01-12,825882.785109501
2018-01-13,825882.785109501
2018-01-14,825882.785109501
2018-01-15,826569.40401351
2018-01-16,804646.5259654315
2018-01-17,806801.9530355266
2018-01-18,777019.539995965
2018-01-19,789988.3421880441
2018-01-20,789988.3421880441
2018-01-21,789988.3421880441
2018-01-22,803501.9040657093
2018-01-23,801891.541168428
2018-01-24,790640.949510851
2018-01-25,784206.9846216324
2018-01-26,784206.9846216324
2018-01-27,784206.9846216324
2018-01-28,784206.9846216324
2018-01-29,767901.869151904
2018-01-30,756896.3825844617
2018-01-31,750611.7789915069
2018-02-01,746651.1013723153
2018-02-02,694134.954951823
2018-02-03,694134.954951823
2018-02-04,694134.954951823
2018-02-05,711030.5307543705
2018-02-06,694709.8679537773
2018-02-07,705482.1801209731
2018-02-08,719195.8064227627
2018-02-09,726074.9658766001
2018-02-10,726074.9658766001
2018-02-11,726074.9658766001
2018-02-12,744082.5215814145
2018-02-13,744082.5215814145
2018-02-14,746666.108962412
2018-02-15,744727.1239928739
2018-02-16,734318.013633983
2018-02-17,734318.013633983
2018-02-18,734318.013633983
2018-02-19,730967.0611754274
2018-02-20,727839.0595769756
2018-02-21,725689.4617021609
2018-02-22,720907.9759652832
2018-02-23,741192.3506431318
2018-02-24,741192.3506431318
2018-02-25,741192.3506431318
2018-02-26,740756.3741100574
2018-02-27,732108.2507351639
2018-02-28,730840.1850135804
2018-03-01,723275.0263939288
2018-03-02,723275.0263939288
2018-03-03,723275.0263939288
2018-03-04,723275.0263939288
2018-03-05,712975.8021735323
2018-03-06,702139.5358579936
2018-03-07,682103.81800793
2018-03-08,680431.4373113676
2018-03-09,675792.170523547
2018-03-10,675792.170523547
2018-03-11,675792.170523547
2018-03-12,683958.1556230297
2018-03-13,689353.8601110831
2018-03-14,698194.4649266534
2018-03-15,719751.7751063667
2018-03-16,714895.6367928437
2018-03-17,714895.6367928437
2018-03-18,714895.6367928437
2018-03-19,700069.4691933955
2018-03-20,699818.5104440656
2018-03-21,704754.7554259481
2018-03-22,692929.4938845885
2018-03-23,674993.0109635765
2018-03-24,674993.0109635765
2018-03-25,674993.0109635765
2018-03-26,687413.5150032996
2018-03-27,699322.8388060376
2018-03-28,684435.2170821981
2018-03-29,684435.2170821981
2018-03-30,684435.2170821981
2018-03-31,684435.2170821981
2018-04-01,684435.2170821981
2018-04-02,704842.0680101782
2018-04-03,714385.7608165315
2018-04-04,703141.6453752504
2018-04-05,721440.1999292232
2018-04-06,734149.0004259833
2018-04-07,734149.0004259833
2018-04-08,734149.0004259833
2018-04-09,741456.9531275952
2018-04-10,736865.4212623999
2018-04-11,742168.8307633798
2018-04-12,734483.8049987294
2018-04-13,734344.6653519925
2018-04-14,734344.6653519925
2018-04-15,734344.6653519925
2018-04-16,743095.5193619562
2018-04-17,747515.6976378313
2018-04-18,750581.7286412106
2018-04-19,759225.7971461273
2018-04-20,750358.6859504554
2018-04-21,750358.6859504554
2018-04-22,750358.6859504554
2018-04-23,752164.10828872
2018-04-24,755076.8550645874
2018-04-25,754360.5038194973
2018-04-26,748914.1275519999
2018-04-27,753662.402595279
2018-04-28,753662.402595279
2018-04-29,753662.402595279
2018-04-30,769402.7674109109
2018-05-01,769402.7674109109
2018-05-02,755197.4352623038
2018-05-03,734935.3553649714
2018-05-04,744773.5721236207
2018-05-05,744773.5721236207
2018-05-06,744773.5721236207
2018-05-07,755783.4641314212
2018-05-08,751879.8858056728
2018-05-09,746158.7471290259
2018-05-10,725663.1538873685
2018-05-11,724611.2388424809
2018-05-12,724611.2388424809
2018-05-13,724611.2388424809
2018-05-14,709402.612883623
2018-05-15,702248.3732308381
2018-05-16,707144.6191885505
2018-05-17,726147.2045116718
2018-05-18,708613.9508200632
2018-05-19,708613.9508200632
2018-05-20,708613.9508200632
2018-05-21,678632.3651698753
2018-05-22,692799.5366955051
2018-05-23,690758.7379223806
2018-05-24,692891.8792324052
2018-05-25,705841.3314582887
2018-05-26,705841.3314582887
2018-05-27,705841.3314582887
2018-05-28,725489.6108924263
2018-05-29,722528.7833960068
2018-05-30,723161.7274512134
2018-05-31,710139.7507538175
2018-06-01,694441.5238811388
2018-06-02,694441.5238811388
2018-06-03,694441.5238811388
2018-06-04,680534.1163106338
2018-06-05,657420.9919805079
2018-06-06,668782.6362369973
2018-06-07,684110.0499830015
2018-06-08,684320.9856381047
2018-06-09,684320.9856381047
2018-06-10,684320.9856381047
2018-06-11,693459.7045919556
2018-06-12,697865.7174005932
2018-06-13,695365.4608468909
2018-06-14,699526.0974843638
2018-06-15,697260.7816058577
2018-06-16,697260.7816058577
2018-06-17,697260.7816058577
2018-06-18,694653.9826403619
2018-06-19,688699.8788040826
2018-06-20,699761.7158195972
2018-06-21,691121.501845816
2018-06-22,700660.1060221985
2018-06-23,700660.1060221985
2018-06-24,700660.1060221985
2018-06-25,697243.1288597592
2018-06-26,695265.4121267844
2018-06-27,674852.3176379985
2018-06-28,664923.5602170998
2018-06-29,680258.4884595326
2018-06-30,680258.4884595326
2018-07-01,680258.4884595326
2018-07-02,671487.3248013847
2018-07-03,681234.4997600057
2018-07-04,684839.4456763868
2018-07-05,671261.3492961373
2018-07-06,671536.109009756
2018-07-07,671536.109009756
2018-07-08,671536.109009756
2018-07-09,686315.7939672293
2018-07-10,696853.1965951885
2018-07-11,695040.0608190346
2018-07-12,695214.4765987867
2018-07-13,682234.7326286183
2018-07-14,682234.7326286183
2018-07-15,682234.7326286183
2018-07-16,660478.7718493075
2018-07-17,678535.2885995863
2018-07-18,670528.868446451
2018-07-19,668981.2964843847
2018-07-20,683805.7737929699
2018-07-21,683805.7737929699
2018-07-22,683805.7737929699
2018-07-23,685669.7132938898
2018-07-24,692337.1451741413
2018-07-25,694384.2886094245
2018-07-26,697597.7435602628
2018-07-27,706882.581461036
2018-07-28,706882.581461036
2018-07-29,706882.581461036
2018-07-30,710578.7057553002
2018-07-31,714701.8949219851
2018-08-01,716113.7886013715
2018-08-02,720357.2174739153
2018-08-03,737047.151643535
2018-08-04,737047.151643535
2018-08-05,737047.151643535
2018-08-06,739795.0070967516
2018-08-07,727764.5378524647
2018-08-08,741633.0858647472
2018-08-09,755644.9151185652
2018-08-10,753562.2697452131
2018-08-11,753562.2697452131
2018-08-12,753562.2697452131
2018-08-13,752555.7330006843
2018-08-14,756108.9829118534
2018-08-15,756108.9829118534
2018-08-16,744180.042202946
2018-08-17,750848.2499089938
2018-08-18,750848.2499089938
2018-08-19,750848.2499089938
2018-08-20,753838.2190735494
2018-08-21,750832.1132563679
2018-08-22,750832.1132563679
2018-08-23,752010.3125899339
2018-08-24,749894.2301116122
2018-08-25,749894.2301116122
2018-08-26,749894.2301116122
2018-08-27,754343.2108286473
2018-08-28,758109.6298829422
2018-08-29,758340.2180292255
2018-08-30,760469.2614848312
2018-08-31,766472.5847558579
2018-09-01,766472.5847558579
2018-09-02,766472.5847558579
2018-09-03,758365.8592170503
2018-09-04,737710.214523065
2018-09-05,735867.9026903992
2018-09-06,733771.4068006248
2018-09-07,734185.2213641149
2018-09-08,734185.2213641149
2018-09-09,734185.2213641149
2018-09-10,724583.0048845509
2018-09-11,709923.2157732649
2018-09-12,708661.3366128627
2018-09-13,708661.3366128627
2018-09-14,715006.4284191597
2018-09-15,715006.4284191597
2018-09-16,715006.4284191597
2018-09-17,714969.1435559718
2018-09-18,703757.378034567
2018-09-19,687698.2893666276
2018-09-20,687698.2893666276
2018-09-21,646646.9736833829
2018-09-22,646646.9736833829
2018-09-23,646646.9736833829
2018-09-24,631904.6502969016
2018-09-25,612789.9468821527
2018-09-26,619619.0017630788
2018-09-27,596932.7080157461
2018-09-28,535095.2406262842
2018-09-29,535095.2406262842
2018-09-30,535095.2406262842
2018-10-01,533001.6232119701
2018-10-02,533001.6232119701
2018-10-03,531904.8117151224
2018-10-04,514324.37968275405
2018-10-05,502319.8442057793
2018-10-06,502319.8442057793
2018-10-07,502319.8442057793
2018-10-08,491625.57029925485
2018-10-09,484861.6150382908
2018-10-10,512449.3975434607
2018-10-11,511178.9792806343
2018-10-12,535367.1239542791
2018-10-13,535367.1239542791
2018-10-14,535367.1239542791
2018-10-15,543028.2046504056
2018-10-16,558489.3191715847
2018-10-17,543795.7854772047
2018-10-18,543795.7854772047
2018-10-19,540942.5719848042
2018-10-20,540942.5719848042
2018-10-21,540942.5719848042
2018-10-22,522837.8552351392
2018-10-23,512251.013906129
2018-10-24,513290.4825633829
2018-10-25,500210.0156564016
2018-10-26,492575.79493114824
2018-10-27,492575.79493114824
2018-10-28,492575.79493114824
2018-10-29,512102.3616335711
2018-10-30,525658.0889678686
2018-10-31,534170.1567867625
2018-11-01,556498.9771120386
2018-11-02,555140.7543092316
2018-11-03,555140.7543092316
2018-11-04,555140.7543092316
2018-11-05,554335.4123884259
2018-11-06,554711.9510727822
2018-11-07,559145.1886348285
2018-11-08,559145.1886348285
2018-11-09,566601.69679228
2018-11-10,566601.69679228
2018-11-11,566601.69679228
2018-11-12,567605.1835758189
2018-11-13,572437.5428552496
2018-11-14,569454.7419428974
2018-11-15,567478.3254991878
2018-11-16,566916.3747306963
2018-11-17,566916.3747306963
2018-11-18,566916.3747306963
2018-11-19,570325.5242374177
2018-11-20,565659.8921823571
2018-11-21,564736.4337682233
2018-11-22,558031.2964612984
2018-11-23,558031.2964612984
2018-11-24,558031.2964612984
2018-11-25,558031.2964612984
2018-11-26,556333.9901110622
2018-11-27,557498.7075970019
2018-11-28,549633.9741048024
2018-11-29,549835.822732164
2018-11-30,562646.1323500733
2018-12-01,562646.1323500733
2018-12-02,562646.1323500733
2018-12-03,573882.4247457214
2018-12-04,572121.000038414
2018-12-05,559404.8886793791
2018-12-06,548951.7748942238
2018-12-07,543910.3529509256
2018-12-08,543910.3529509256
2018-12-09,543910.3529509256
2018-12-10,529205.7769729279
2018-12-11,535588.1169528774
2018-12-12,548961.911704599
2018-12-13,552475.7901485466
2018-12-14,551705.3278744429
2018-12-15,551705.3278744429
2018-12-16,551705.3278744429
2018-12-17,553999.6156891462
2018-12-18,559638.269558591
2018-12-19,560530.7319690041
2018-12-20,557050.8741865793
2018-12-21,544537.3082621496
2018-12-22,544537.3082621496
2018-12-23,544537.3082621496
2018-12-24,528383.934735019
2018-12-25,528383.934735019
2018-12-26,529163.3039661864
2018-12-27,538769.9429994224
2018-12-28,542044.2970432336
2018-12-29,542044.2970432336
2018-12-30,542044.2970432336
2018-12-31,539511.6666700598
2019-01-01,540934.0908087334
2019-01-02,534873.6825202128
2019-01-03,529502.3268666501
2019-01-04,528575.6884044548
2019-01-05,528575.6884044548
2019-01-06,528575.6884044548
2019-01-07,528375.9834594502
2019-01-08,531866.932879596
2019-01-09,530556.0010789216
2019-01-10,530768.7137025894
2019-01-11,531264.2187956293
2019-01-12,531264.2187956293
2019-01-13,531264.2187956293
2019-01-14,527543.8731279821
2019-01-15,533650.272881987
2019-01-16,541084.839932017
2019-01-17,532502.5445749722
2019-01-18,526631.0201921556
2019-01-19,526631.0201921556
2019-01-20,526631.0201921556
2019-01-21,518178.7811141938
2019-01-22,517496.8729583715
2019-01-23,516072.7747237153
2019-01-24,507554.8204278281
2019-01-25,490192.22168675036
2019-01-26,490192.22168675036
2019-01-27,490192.22168675036
2019-01-28,465077.42950641015
2019-01-29,462086.9117987508
2019-01-30,467992.8835831573
2019-01-31,481993.0865064198
2019-02-01,488652.518252457
2019-02-02,488652.518252457
2019-02-03,488652.518252457
2019-02-04,470875.794469294
2019-02-05,456844.4571446349
2019-02-06,457472.58661758096
2019-02-07,459096.2112501307
2019-02-08,453754.23240805184
2019-02-09,453754.23240805184
2019-02-10,453754.23240805184
2019-02-11,438206.66939293523
2019-02-12,439456.5969903178
2019-02-13,439456.5969903178
2019-02-14,438731.9842747661
2019-02-15,433664.6518096413
2019-02-16,433664.6518096413
2019-02-17,433664.6518096413
2019-02-18,428852.69412479067
2019-02-19,429728.03412430175
2019-02-20,431244.2668429605
2019-02-21,442077.9509989309
2019-02-22,440563.72587837436
2019-02-23,440563.72587837436
2019-02-24,440563.72587837436
2019-02-25,438980.63974546874
2019-02-26,439236.15087116935
2019-02-27,438787.7406352066
2019-02-28,441999.68687339
2019-03-01,453286.7306287978
2019-03-02,453286.7306287978
2019-03-03,453286.7306287978
2019-03-04,453286.7306287978
2019-03-05,467139.3495960483
2019-03-06,470560.50727680244
2019-03-07,468366.42033009086
2019-03-08,472650.36528681463
2019-03-09,472650.36528681463
2019-03-10,472650.36528681463
2019-03-11,475376.25459562306
2019-03-12,481213.22305846977
2019-03-13,483205.2434247464
2019-03-14,486080.9787283411
2019-03-15,480955.8580925406
2019-03-16,480955.8580925406
2019-03-17,480955.8580925406
2019-03-18,486974.39967735
2019-03-19,486050.465085658
2019-03-20,485070.45932532824
2019-03-21,485070.45932532824
2019-03-22,486110.0382958818
2019-03-23,486110.0382958818
2019-03-24,486110.0382958818
2019-03-25,476423.5118670199
2019-03-26,479969.6026762758
2019-03-27,478837.7494327381
2019-03-28,484816.059514089
2019-03-29,484816.059514089
2019-03-30,484816.059514089
2019-03-31,484816.059514089
2019-04-01,484663.4861758549
2019-04-02,482990.59140860976
2019-04-03,477722.2962818923
2019-04-04,474075.3261257324
2019-04-05,480798.08770178887
2019-04-06,480798.08770178887
2019-04-07,480798.08770178887
2019-04-08,478645.11075967015
2019-04-09,479172.2539040957
2019-04-10,479021.82011994626
2019-04-11,479273.763658232
2019-04-12,481294.57757032086
2019-04-13,481294.57757032086
2019-04-14,481294.57757032086
2019-04-15,485099.2965406829
2019-04-16,483435.9306670977
2019-04-17,483435.9306670977
2019-04-18,473429.81661582214
2019-04-19,473429.81661582214
2019-04-20,473429.81661582214
2019-04-21,473429.81661582214
2019-04-22,464524.239650567
2019-04-23,463608.85596230486
2019-04-24,468851.6793655722
2019-04-25,468428.0435839605
2019-04-26,466324.62144120457
2019-04-27,466324.62144120457
2019-04-28,466324.62144120457
2019-04-29,466324.62144120457
2019-04-30,458328.9639394844
2019-05-01,458328.9639394844
2019-05-02,461969.54222790845
2019-05-03,458905.52295509726
2019-05-04,458905.52295509726
2019-05-05,458905.52295509726
2019-05-06,453563.04332817154
2019-05-07,446568.3031915899
2019-05-08,440976.51028688974
2019-05-09,438929.9329146049
2019-05-10,442147.93179845344
2019-05-11,442147.93179845344
2019-05-12,442147.93179845344
2019-05-13,431312.8005229614
2019-05-14,434823.6377800731
2019-05-15,432914.63460694934
2019-05-16,437365.66044394305
2019-05-17,443563.91253809223
2019-05-18,443563.91253809223
2019-05-19,443563.91253809223
2019-05-20,463042.1844427556
2019-05-21,465956.82060075575
2019-05-22,467664.01828216756
2019-05-23,468420.8367190432
2019-05-24,471989.373607352
2019-05-25,471989.373607352
2019-05-26,471989.373607352
2019-05-27,481373.9737874726
2019-05-28,482648.2639741095
2019-05-29,477830.06767717685
2019-05-30,486342.5908202004
2019-05-31,482569.1501255164
2019-06-01,482569.1501255164
2019-06-02,482569.1501255164
2019-06-03,486421.50448820926
2019-06-04,484624.7818742149
2019-06-05,484624.7818742149
2019-06-06,474544.3247941831
2019-06-07,473989.6424070932
2019-06-08,473989.6424070932
2019-06-09,473989.6424070932
2019-06-10,474455.7681916906
2019-06-11,474474.62550580665
2019-06-12,473597.6724918585
2019-06-13,470964.227083489
2019-06-14,465650.755350022
2019-06-15,465650.755350022
2019-06-16,465650.755350022
2019-06-17,454613.1232125305
2019-06-18,454988.3877788887
2019-06-19,447086.2988000599
2019-06-20,454779.4993967788
2019-06-21,456165.1277689299
2019-06-22,456165.1277689299
2019-06-23,456165.1277689299
2019-06-24,458679.7836994695
2019-06-25,460030.4220011656
2019-06-26,460865.31806786207
2019-06-27,466630.3892587824
2019-06-28,462644.18922647537
2019-06-29,462644.18922647537
2019-06-30,462644.18922647537
2019-07-01,470505.8856349422
2019-07-02,475519.34667326685
2019-07-03,478618.8842925826
2019-07-04,479771.58721741545
2019-07-05,472831.65716170333
2019-07-06,472831.65716170333
2019-07-07,472831.65716170333
2019-07-08,460936.1077762584
2019-07-09,467294.5688192922
2019-07-10,458327.32197613217
2019-07-11,454947.1229646618
2019-07-12,461462.8515539795
2019-07-13,461462.8515539795
2019-07-14,461462.8515539795
2019-07-15,455459.1162202917
2019-07-16,456969.6016003699
2019-07-17,458380.79422317934
2019-07-18,450919.44304992835
2019-07-19,441173.7195205899
2019-07-20,441173.7195205899
2019-07-21,441173.7195205899
2019-07-22,434163.65938505874
2019-07-23,439175.9522783498
2019-07-24,436407.7573520179
2019-07-25,433589.61501118634
2019-07-26,435448.0588133976
2019-07-27,435448.0588133976
2019-07-28,435448.0588133976
2019-07-29,434274.35681678687
2019-07-30,422142.65390221257
2019-07-31,423995.4348368932
2019-08-01,421944.9629055773
2019-08-02,422906.9895198276
2019-08-03,422906.9895198276
2019-08-04,422906.9895198276
2019-08-05,418902.3488261156
2019-08-06,431203.8649035248
2019-08-07,430786.4850618485
2019-08-08,431215.929386058
2019-08-09,435183.091872127
2019-08-10,435183.091872127
2019-08-11,435183.091872127
2019-08-12,435183.091872127
2019-08-13,420815.8366034542
2019-08-14,425846.82835847506
2019-08-15,425846.82835847506
2019-08-16,427045.72510144836
2019-08-17,427045.72510144836
2019-08-18,427045.72510144836
2019-08-19,434035.70369484514
2019-08-20,430305.33496115275
2019-08-21,423140.64500313485
2019-08-22,412570.0230122512
2019-08-23,419984.6090996045
2019-08-24,419984.6090996045
2019-08-25,419984.6090996045
2019-08-26,426655.7346296838
2019-08-27,432570.62409441965
2019-08-28,429320.5726097498
2019-08-29,426681.9302394287
2019-08-30,430599.7431163114
2019-08-31,430599.7431163114
2019-09-01,430599.7431163114
2019-09-02,430599.7431163114
2019-09-03,425214.54137788597
2019-09-04,429899.65758644196
2019-09-05,430683.9377851599
2019-09-06,431032.2073181403
2019-09-07,431032.2073181403
2019-09-08,431032.2073181403
2019-09-09,439088.5582147748
2019-09-10,439088.5582147748
2019-09-11,451075.14479994203
2019-09-12,450031.8227159901
2019-09-13,454812.0737771533
2019-09-14,454812.0737771533
2019-09-15,454812.0737771533
2019-09-16,458536.81340502546
2019-09-17,447899.2427921579
2019-09-18,451206.5236563995
2019-09-19,443601.4357457227
2019-09-20,458082.3485010336
2019-09-21,458082.3485010336
2019-09-22,458082.3485010336
2019-09-23,473650.65042664425
2019-09-24,475933.8284976818
2019-09-25,470218.037353307
2019-09-26,472119.0646442535
2019-09-27,466383.80902091146
2019-09-28,466383.80902091146
2019-09-29,466383.80902091146
2019-09-30,460385.8506478163
2019-10-01,454886.8177807018
2019-10-02,454886.8177807018
2019-10-03,450214.916715587
2019-10-04,440651.24992152303
2019-10-05,440651.24992152303
2019-10-06,440651.24992152303
2019-10-07,436320.8479393723
2019-10-08,436320.8479393723
2019-10-09,442232.18425661855
2019-10-10,438328.0708841769
2019-10-11,438453.5086756955
2019-10-12,438453.5086756955
2019-10-13,438453.5086756955
2019-10-14,438454.3794575412
2019-10-15,435778.32593938144
2019-10-16,434545.3207836238
2019-10-17,441128.85589896224
2019-10-18,453277.1501198299
2019-10-19,453277.1501198299
2019-10-20,453277.1501198299
2019-10-21,453277.1501198299
2019-10-22,457274.7022110859
2019-10-23,458991.08592337905
2019-10-24,459199.24472116085
2019-10-25,454678.441720259
2019-10-26,454678.441720259
2019-10-27,455937.7436138369
2019-10-28,455937.7436138369
2019-10-29,457912.8519668664
2019-10-30,462011.96355002385
2019-10-31,467019.5751244072
2019-11-01,466418.5048617198
2019-11-02,466418.5048617198
2019-11-03,466418.5048617198
2019-11-04,468786.5747105833
2019-11-05,463714.6065313475
2019-11-06,466059.1529736289
2019-11-07,467209.22196356
2019-11-08,459916.111107361
2019-11-09,459916.111107361
2019-11-10,459916.111107361
2019-11-11,458946.3654321591
2019-11-12,458946.3654321591
2019-11-13,449022.15122481936
2019-11-14,449207.793332244
2019-11-15,451228.82341971004
2019-11-16,451228.82341971004
2019-11-17,451228.82341971004
2019-11-18,449713.5244846024
2019-11-19,452009.37955165096
2019-11-20,454740.5848803414
2019-11-21,451266.882243369
2019-11-22,449584.3143048541
2019-11-23,449584.3143048541
2019-11-24,449584.3143048541
2019-11-25,458631.2672351652
2019-11-26,457626.6698658945
2019-11-27,460636.4915543173
2019-11-28,461962.1429250685
2019-11-29,463815.92946208117
2019-11-30,463815.92946208117
2019-12-01,463815.92946208117
2019-12-02,463424.5615459271
2019-12-03,460968.84786895826
2019-12-04,466180.2056494197
2019-12-05,469676.6286878146
2019-12-06,463038.0768663694
2019-12-07,463038.0768663694
2019-12-08,463038.0768663694
2019-12-09,463895.91761323315
2019-12-10,457391.86019900825
2019-12-11,459268.9103167348
2019-12-12,461270.3787741946
2019-12-13,469727.44009508885
2019-12-14,469727.44009508885
2019-12-15,469727.44009508885
2019-12-16,470351.58712989866
2019-12-17,468834.76819883194
2019-12-18,467802.054212975
2019-12-19,471439.952275752
2019-12-20,470898.8676987323
2019-12-21,470898.8676987323
2019-12-22,470898.8676987323
2019-12-23,470496.71175442165
2019-12-24,468048.4044547931
2019-12-25,468048.4044547931
2019-12-26,469061.89135174034
2019-12-27,473429.88649803435
2019-12-28,473429.88649803435
2019-12-29,473429.88649803435
2019-12-30,477852.1694844455
2019-12-31,477186.91168873385
2020-01-01,480710.7238166276
2020-01-02,484939.10123165225
2020-01-03,481846.6943205113
2020-01-04,481846.6943205113
2020-01-05,481846.6943205113
2020-01-06,470598.0922195467
2020-01-07,478168.54884883104
2020-01-08,475595.09747036244
2020-01-09,484055.57084687945
2020-01-10,486435.33606579877
2020-01-11,486435.33606579877
2020-01-12,486435.33606579877
2020-01-13,492990.66917192796
2020-01-14,494500.3506923354
2020-01-15,501252.7373432889
2020-01-16,507195.95295267075
2020-01-17,507417.88642422255
2020-01-18,507417.88642422255
2020-01-19,507417.88642422255
2020-01-20,500256.0883614679
2020-01-21,500012.08401376766
2020-01-22,502965.29112628533
2020-01-23,506978.6420823063
2020-01-24,505984.58489804185
2020-01-25,505984.58489804185
2020-01-26,505984.58489804185
2020-01-27,505131.9172009597
2020-01-28,502982.7849628856
2020-01-29,505726.6067236581
2020-01-30,497573.9081760419
2020-01-31,493973.6829451666
2020-02-01,493973.6829451666
2020-02-02,493973.6829451666
2020-02-03,482419.4453594977
2020-02-04,489999.2776379858
2020-02-05,497618.14228113694
2020-02-06,502001.3585579617
2020-02-07,502777.990035126
2020-02-08,502777.990035126
2020-02-09,502777.990035126
2020-02-10,494732.6163595111
2020-02-11,494441.6733321863
2020-02-12,501252.33173207677
2020-02-13,502176.3541228938
2020-02-14,497300.53194959415
2020-02-15,497300.53194959415
2020-02-16,497300.53194959415
2020-02-17,494981.1644092661
2020-02-18,491455.06930247747
2020-02-19,497517.40164167475
2020-02-20,496253.5282938678
2020-02-21,496253.5282938678
2020-02-22,496253.5282938678
2020-02-23,496253.5282938678
2020-02-24,482122.0712530748
2020-02-25,482198.1864525366
2020-02-26,474964.85103559506
2020-02-27,469873.47038812155
2020-02-28,447056.9046354957
2020-02-29,447056.9046354957
2020-03-01,447056.9046354957
2020-03-02,444011.9545163743
2020-03-03,452480.27191017946
2020-03-04,442759.5595588655
2020-03-05,441587.0566497507
2020-03-06,432761.23324167193
2020-03-07,432761.23324167193
2020-03-08,432761.23324167193
2020-03-09,412091.80271477276
2020-03-10,412091.80271477276
2020-03-11,408494.75227628497
2020-03-12,364450.175495365
2020-03-13,372718.8106892463
2020-03-14,372718.8106892463
2020-03-15,372718.8106892463
2020-03-16,344805.43172413216
2020-03-17,335721.2294791739
2020-03-18,319493.47738730174
2020-03-19,301473.2109631599
2020-03-20,317689.8543410652
2020-03-21,317689.8543410652
2020-03-22,317689.8543410652
2020-03-23,268787.82304679655
2020-03-24,270823.52773368894
2020-03-25,281374.74492490286
2020-03-26,293301.3838823164
2020-03-27,295759.0257108223
2020-03-28,295759.0257108223
2020-03-29,295759.0257108223
2020-03-30,293394.3180425726
2020-03-31,300756.3444500211
2020-04-01,295118.76372806303
2020-04-02,295118.76372806303
2020-04-03,291434.5037945735
2020-04-04,291434.5037945735
2020-04-05,291434.5037945735
2020-04-06,291434.5037945735
2020-04-07,307068.57088577095
2020-04-08,314167.1265059305
2020-04-09,328884.7796897776
2020-04-10,328884.7796897776
2020-04-11,328884.7796897776
2020-04-12,328884.7796897776
2020-04-13,329849.9385404931
2020-04-14,329849.9385404931
2020-04-15,324944.28261211776
2020-04-16,334480.0593818453
2020-04-17,347618.67012253916
2020-04-18,347618.67012253916
2020-04-19,347618.67012253916
2020-04-20,344497.0447299988
2020-04-21,329041.0899239293
2020-04-22,335159.14825373655
2020-04-23,344891.420830301
2020-04-24,333309.45839292655
2020-04-25,333309.45839292655
2020-04-26,333309.45839292655
2020-04-27,339609.7768272234
2020-04-28,347064.4290924937
2020-04-29,346573.3019291948
2020-04-30,353798.95905909355
2020-05-01,353798.95905909355
2020-05-02,353798.95905909355
2020-05-03,353798.95905909355
2020-05-04,342787.01341048395
2020-05-05,338251.2439013579
2020-05-06,341699.14604709606
2020-05-07,341982.8033010944
2020-05-08,337906.0582453884
2020-05-09,337906.0582453884
2020-05-10,337906.0582453884
2020-05-11,340037.5845172989
2020-05-12,337866.0255585583
2020-05-13,345611.35791271063
2020-05-14,342749.5653179905
2020-05-15,343945.4808499753
2020-05-16,343945.4808499753
2020-05-17,343945.4808499753
2020-05-18,328677.93412776897
2020-05-19,329234.2587517604
2020-05-20,336858.82007135527
2020-05-21,338341.37158465636
2020-05-22,338557.117760101
2020-05-23,338557.117760101
2020-05-24,338557.117760101
2020-05-25,338557.117760101
2020-05-26,345744.7364466614
2020-05-27,350079.69286825974
2020-05-28,354631.69603666465
2020-05-29,363684.37808055436
2020-05-30,363684.37808055436
2020-05-31,363684.37808055436
2020-06-01,373513.10663373244
2020-06-02,377732.7310395759
2020-06-03,380044.3884303715
2020-06-04,376289.56329566776
2020-06-05,376787.0021236564
2020-06-06,376787.0021236564
2020-06-07,376787.0021236564
2020-06-08,379260.1645275415
2020-06-09,376746.90804788965
2020-06-10,379582.22272994183
2020-06-11,375174.0889650505
2020-06-12,379013.3144351413
2020-06-13,379013.3144351413
2020-06-14,379013.3144351413
2020-06-15,380044.5199868325
2020-06-16,378495.5857806336
2020-06-17,381725.3520326972
2020-06-18,387877.02176802576
2020-06-19,393713.51112003956
2020-06-20,393713.51112003956
2020-06-21,393713.51112003956
2020-06-22,399028.959554973
2020-06-23,405502.41510775156
2020-06-24,397849.3573610837
2020-06-25,399287.1068635832
2020-06-26,399632.6683949373
2020-06-27,399632.6683949373
2020-06-28,399632.6683949373
2020-06-29,396791.8855539741
2020-06-30,398316.4813202295
2020-07-01,399309.64688589226
2020-07-02,402643.2481711824
2020-07-03,405783.9779030413
2020-07-04,405783.9779030413
2020-07-05,405783.9779030413
2020-07-06,412693.80869604956
2020-07-07,416152.7939196778
2020-07-08,418042.4608416422
2020-07-09,423961.122756573
2020-07-10,422679.38852081884
2020-07-11,422679.38852081884
2020-07-12,422679.38852081884
2020-07-13,422641.8989468134
2020-07-14,414187.3073508255
2020-07-15,414495.9570245075
2020-07-16,416360.8716223362
2020-07-17,420262.8371237065
2020-07-18,420262.8371237065
2020-07-19,420262.8371237065
2020-07-20,428983.47838401655
2020-07-21,435518.73840329924
2020-07-22,439575.4676685655
2020-07-23,444267.95999536954
2020-07-24,441694.7892638872
2020-07-25,441694.7892638872
2020-07-26,441694.7892638872
2020-07-27,435004.22837701405
2020-07-28,440906.4991917797
2020-07-29,444056.06776375696
2020-07-30,437539.90263091703
2020-07-31,447308.96824021393
2020-08-01,447308.96824021393
2020-08-02,447308.96824021393
2020-08-03,453760.13507557847
2020-08-04,459346.88224518474
2020-08-05,461889.6552683627
2020-08-06,461389.3201267634
2020-08-07,465585.3709242221
2020-08-08,465585.3709242221
2020-08-09,465585.3709242221
2020-08-10,480709.82421867375
2020-08-11,481559.0989439925
2020-08-12,480317.52845579694
2020-08-13,482439.93191944837
2020-08-14,475484.495698305
2020-08-15,475484.495698305
2020-08-16,475484.495698305
2020-08-17,477726.5737429825
2020-08-18,482460.88382941665
2020-08-19,485718.0125532714
2020-08-20,486971.0026351761
2020-08-21,496812.9846838139
2020-08-22,496812.9846838139
2020-08-23,496812.9846838139
2020-08-24,506600.95692993223
2020-08-25,512687.67972601287
2020-08-26,518978.34718657203
2020-08-27,518478.8261280344
2020-08-28,513525.38129572815
2020-08-29,513525.38129572815
2020-08-30,513525.38129572815
2020-08-31,493043.77069456066
2020-09-01,498465.85759851977
2020-09-02,509664.3490349688
2020-09-03,523647.7246940744
2020-09-04,516859.5406068094
2020-09-05,516859.5406068094
2020-09-06,516859.5406068094
2020-09-07,521569.5801194024
2020-09-08,517031.53006242117
2020-09-09,515746.4069973677
2020-09-10,523077.1253913409
2020-09-11,525175.1924103579
2020-09-12,525175.1924103579
2020-09-13,525175.1924103579
2020-09-14,547227.7924247489
2020-09-15,549522.6784744794
2020-09-16,550604.349203685
2020-09-17,549950.2114331033
2020-09-18,552515.7790411446
2020-09-19,552515.7790411446
2020-09-20,552515.7790411446
2020-09-21,529686.2505124247
2020-09-22,519608.74067106424
2020-09-23,520421.2231270399
2020-09-24,504415.8738053219
2020-09-25,522861.44626960444
2020-09-26,522861.44626960444
2020-09-27,522861.44626960444
2020-09-28,542757.7755359128
2020-09-29,541204.6237129094
2020-09-30,534310.5962838659
2020-10-01,533352.4837218892
2020-10-02,533352.4837218892
2020-10-03,533352.4837218892
2020-10-04,533352.4837218892
2020-10-05,532861.6810588696
2020-10-06,534345.115718747
2020-10-07,533887.3835244117
2020-10-08,535803.8706688958
2020-10-09,535568.5239647622
2020-10-10,535568.5239647622
2020-10-11,535568.5239647622
2020-10-12,536709.754230649
2020-10-13,536884.1617483038
2020-10-14,537202.2156937825
2020-10-15,525275.9556045922
2020-10-16,533241.479111102
2020-10-17,533241.479111102
2020-10-18,533241.479111102
2020-10-19,535529.9571057709
2020-10-20,541231.5745719185
2020-10-21,539060.7058862305
2020-10-22,541254.8773808633
2020-10-23,546531.5700026752
2020-10-24,546531.5700026752
2020-10-25,546531.5700026752
2020-10-26,534387.9439381508
2020-10-27,538241.6773503241
2020-10-28,530580.9974064406
2020-10-29,531443.3153072338
2020-10-30,531459.5071471597
2020-10-31,531459.5071471597
2020-11-01,531459.5071471595
2020-11-02,526274.6919721245
2020-11-03,525500.7918044736
2020-11-04,525324.979563764
2020-11-05,538085.7158220557
2020-11-06,541843.3449038632
2020-11-07,541843.3449038632
2020-11-08,541843.3449038632
2020-11-09,540950.9035766695
2020-11-10,533995.013231511
2020-11-11,544863.5178878905
2020-11-12,552516.7827495986
2020-11-13,561850.7613625657
2020-11-14,563735.5872956845
2020-11-15,563735.5872956845
2020-11-16,563735.5872956845
2020-11-17,562702.4848399895
2020-11-18,562262.9763596792
2020-11-19,559096.5321424265
2020-11-20,570997.2704641653
2020-11-21,570997.2704641653
2020-11-22,570997.2704641653
2020-11-23,585211.4459733922
2020-11-24,590511.2457749625
2020-11-25,578618.5267909297
2020-11-26,585747.3830458396
2020-11-27,601302.8769845663
2020-11-28,601302.8769845663
2020-11-29,601302.8769845663
2020-11-30,601302.8769845663
2020-12-01,606311.5427180107
2020-12-02,610476.9169221981
2020-12-03,615781.3191654951
2020-12-04,626768.8751321235
2020-12-05,626768.8751321235
2020-12-06,626768.8751321235
2020-12-07,632030.7873943399
2020-12-08,629498.0180429701
2020-12-09,630679.3836537299
2020-12-10,623600.3562464085
2020-12-11,624537.4976153186
2020-12-12,624537.4976153186
2020-12-13,624537.4976153186
2020-12-14,628339.7785924035
2020-12-15,631933.3709586307
2020-12-16,641834.3461405874
2020-12-17,642456.7554895732
2020-12-18,636888.9528643629
2020-12-19,636888.9528643629
2020-12-20,636888.9528643629
2020-12-21,609304.3823328144
2020-12-22,613800.0447705558
2020-12-23,624863.1861788878
2020-12-24,626039.7106231715
2020-12-25,626039.7106231715
2020-12-26,626039.7106231715
2020-12-27,626039.7106231715
2020-12-28,634650.8379374132
2020-12-29,633324.1817791415
2020-12-30,635736.0493910827
2020-12-31,637824.7576094512
2021-01-01,646401.9085959089
2021-01-02,646401.9085959089
2021-01-03,646401.9085959089
2021-01-04,659461.4039682224
2021-01-05,663822.1750933174
2021-01-06,663913.8675897317
2021-01-07,674791.3332471363
2021-01-08,677092.2594462961
2021-01-09,677092.2594462961
2021-01-10,677092.2594462961
2021-01-11,672361.3771232137
2021-01-12,674438.2534123065
2021-01-13,667564.5227612894
2021-01-14,673073.8198220951
2021-01-15,668237.7081035544
2021-01-16,668237.7081035544
2021-01-17,668237.7081035544
2021-01-18,655891.0698899516
2021-01-19,663661.116654177
2021-01-20,671235.9592392572
2021-01-21,662251.4654334626
2021-01-22,655839.465801133
2021-01-23,655839.465801133
2021-01-24,655839.465801133
2021-01-25,649109.6460566866
2021-01-26,649109.6460566866
2021-01-27,644955.4416548124
2021-01-28,640231.364020047
2021-01-29,629413.172505537
2021-01-30,629413.172505537
2021-01-31,629413.172505537
2021-02-01,646329.5338486074
2021-02-02,654239.9692159863
2021-02-03,662384.4732400135
2021-02-04,665874.0407365226
2021-02-05,672067.1318806666
2021-02-06,672067.1318806666
2021-02-07,672067.1318806666
2021-02-08,689723.748576237
2021-02-09,688762.7381636759
2021-02-10,703954.6447064625
2021-02-11,718961.6631764787
2021-02-12,725467.5905692028
2021-02-13,725467.5905692028
2021-02-14,725467.5905692028
2021-02-15,718324.2774258251
2021-02-16,717921.8811875307
2021-02-17,722117.7981494507
2021-02-18,724024.3418689782
2021-02-19,709002.944394005
2021-02-20,709002.944394005
2021-02-21,709002.944394005
2021-02-22,695131.5349658339
2021-02-23,699335.3015325763
2021-02-24,707683.2429882128
2021-02-25,720391.3128458563
2021-02-26,711421.0998992067
2021-02-27,711421.0998992067
2021-02-28,711421.0998992067
2021-03-01,728412.5764557561
2021-03-02,750646.4186408693
2021-03-03,762634.7801063352
2021-03-04,773280.7472336027
2021-03-05,758537.4779653917
2021-03-06,758537.4779653917
2021-03-07,758537.4779653917
2021-03-08,767845.7331918136
2021-03-09,764331.7884966908
2021-03-10,774856.2013673307
2021-03-11,774856.2013673307
2021-03-12,769615.3153509456
2021-03-13,769615.3153509456
2021-03-14,769615.3153509456
2021-03-15,757775.1974037184
2021-03-16,756705.4344666385
2021-03-17,737889.5510016048
2021-03-18,733359.202812997
2021-03-19,747861.9419133619
2021-03-20,747861.9419133619
2021-03-21,747861.9419133619
2021-03-22,743014.6994429814
2021-03-23,745562.527481689
2021-03-24,728507.4304646142
2021-03-25,707615.0345752517
2021-03-26,717255.9302360374
2021-03-27,717255.9302360374
2021-03-28,717255.9302360374
2021-03-29,717255.9302360374
2021-03-30,726543.9998587987
2021-03-31,729285.5434324406
2021-04-01,737194.4113418679
2021-04-02,737194.4113418679
2021-04-03,737194.4113418679
2021-04-04,737194.4113418679
2021-04-05,721615.7626829066
2021-04-06,728172.705835447
2021-04-07,745819.4736177713
2021-04-08,759762.97745915
2021-04-09,766574.4181686796
2021-04-10,766574.4181686796
2021-04-11,766574.4181686796
2021-04-12,721098.5932409131
2021-04-13,735902.8523992049
2021-04-14,735902.8523992049
2021-04-15,731095.4962437192
2021-04-16,747413.1167518498
2021-04-17,747413.1167518498
2021-04-18,747413.1167518498
2021-04-19,741217.8770739927
2021-04-20,750711.8120154276
2021-04-21,750711.8120154276
2021-04-22,755061.3152732892
2021-04-23,756982.8054553339
2021-04-24,756982.8054553339
2021-04-25,756982.8054553339
2021-04-26,762868.4519731336
2021-04-27,774399.1820253361
2021-04-28,780852.8420732949
2021-04-29,777803.7567909933
2021-04-30,772146.9586295881
2021-05-01,772146.9586295882
2021-05-02,772146.9586295882
2021-05-03,779842.241023634
2021-05-04,770037.6235661793
2021-05-05,770092.143803379
2021-05-06,779685.3268054664
2021-05-07,775490.7840607555
2021-05-08,775490.7840607555
2021-05-09,775490.7840607555
2021-05-10,784384.774218708
2021-05-11,788907.2981457078
2021-05-12,781919.1108695266
2021-05-13,781919.1108695266
2021-05-14,769273.7556128353
2021-05-15,769273.7556128353
2021-05-16,769273.7556128353
2021-05-17,764752.9756011027
2021-05-18,773532.7245947928
2021-05-19,775694.4935456316
2021-05-20,776953.7927711994
2021-05-21,780425.0111721014
2021-05-22,780425.0111721014
2021-05-23,780425.0111721014
2021-05-24,785183.3598117732
2021-05-25,786213.4544025987
2021-05-26,797470.3235570531
2021-05-27,804484.6837861207
2021-05-28,806927.9588287873
2021-05-29,806927.9588287873
2021-05-30,806927.9588287873
2021-05-31,813662.1458463789
2021-06-01,810923.4244888485
2021-06-02,822679.639663189
2021-06-03,832151.1337408761
2021-06-04,836164.6722871736
2021-06-05,836164.6722871736
2021-06-06,836164.6722871736
2021-06-07,844378.3762313153
2021-06-08,854812.9872159654
2021-06-09,843300.1038698506
2021-06-10,854332.2077160017
2021-06-11,857006.407743091
2021-06-12,857006.407743091
2021-06-13,857006.407743091
2021-06-14,855521.0521488613
2021-06-15,866771.7198307728
2021-06-16,866021.5952033142
2021-06-17,858698.5390976196
2021-06-18,849674.1411912241
2021-06-19,849674.1411912241
2021-06-20,849674.1411912241
2021-06-21,858366.6097960207
2021-06-22,858847.2253347713
2021-06-23,853452.5687302283
2021-06-24,854061.8208575516
2021-06-25,858093.5289343424
2021-06-26,858093.5289343424
2021-06-27,858093.5289343424
2021-06-28,862820.8607630379
2021-06-29,859612.8730576278
2021-06-30,856205.8379608142
2021-07-01,855527.8884206169
2021-07-02,869279.3718467834
2021-07-03,869279.3718467834
2021-07-04,869279.3718467834
2021-07-05,880928.6933844169
2021-07-06,871198.8327474524
2021-07-07,870675.7766112316
2021-07-08,871900.33517195
2021-07-09,878433.3158082461
2021-07-10,878433.3158082461
2021-07-11,878433.3158082461
2021-07-12,876201.2576399194
2021-07-13,879719.6674098435
2021-07-14,874476.0646895688
2021-07-15,877855.254234323
2021-07-16,882247.7859080292
2021-07-17,882247.7859080292
2021-07-18,882247.7859080292
2021-07-19,870887.996147062
2021-07-20,863462.324284253
2021-07-21,863462.324284253
2021-07-22,868371.0624413658
2021-07-23,861722.1445378453
2021-07-24,861722.1445378453
2021-07-25,861722.1445378453
2021-07-26,862249.8373956895
2021-07-27,857163.3930082606
2021-07-28,846166.823166594
2021-07-29,844435.9042354875
2021-07-30,851985.7816869725
2021-07-31,851985.7816869725
2021-08-01,851985.7816869725
2021-08-02,859311.9861688847
2021-08-03,861016.4904551489
2021-08-04,854039.8710727456
2021-08-05,859427.9754928376
2021-08-06,860008.2216070318
2021-08-07,860008.2216070318
2021-08-08,860008.2216070318
2021-08-09,862464.8985411199
2021-08-10,856161.4873475877
2021-08-11,851777.89049538
2021-08-12,858132.0519681728
2021-08-13,856288.021375074
2021-08-14,856288.021375074
2021-08-15,856288.021375074
2021-08-16,845459.6459276315
2021-08-17,842866.3683503178
2021-08-18,841633.1472505112
2021-08-19,841633.1472505112
2021-08-20,828656.3757119137
2021-08-21,828656.3757119137
2021-08-22,828656.3757119137
2021-08-23,807629.7153266224
2021-08-24,816827.969572076
2021-08-25,819931.8457113776
2021-08-26,822921.8207817548
2021-08-27,824627.2579345076
2021-08-28,824627.2579345076
2021-08-29,824627.2579345076
2021-08-30,829689.2464406402
2021-08-31,837241.3169834065
2021-09-01,837868.5637558204
2021-09-02,841517.117357252
2021-09-03,844168.4307789702
2021-09-04,844168.4307789702
2021-09-05,844168.4307789702
2021-09-06,847771.7786012442
2021-09-07,847818.7229027781
2021-09-08,847924.3571881438
2021-09-09,849456.9925056956
2021-09-10,849456.9925056956
2021-09-11,849456.9925056956
2021-09-12,849456.9925056956
2021-09-13,847836.8654104277
2021-09-14,856499.4934245099
2021-09-15,860670.5271542555
2021-09-16,859338.3486976291
2021-09-17,858018.181420994
2021-09-18,858018.181420994
2021-09-19,858018.181420994
2021-09-20,847358.12268213
2021-09-21,844881.9517077754
2021-09-22,848634.0755075738
2021-09-23,855845.3555657574
2021-09-24,854203.3454885335
2021-09-25,854203.3454885335
2021-09-26,854203.3454885335
2021-09-27,854678.3787834176
2021-09-28,851813.8882063737
2021-09-29,854487.5424826322
2021-09-30,860715.9587237305
2021-10-01,862041.0231521904
2021-10-02,862041.0231521904
2021-10-03,862041.0231521904
2021-10-04,865823.4298157752
2021-10-05,867602.2826737234
2021-10-06,867900.427078589
2021-10-07,876184.5142574749
2021-10-08,880029.6595440751
2021-10-09,880029.6595440751
2021-10-10,880029.6595440751
2021-10-11,883280.1979453316
2021-10-12,881883.7512973937
2021-10-13,892670.5744666376
2021-10-14,893171.6918452778
2021-10-15,893171.6918452778
2021-10-16,893171.6918452778
2021-10-17,893171.6918452778
2021-10-18,898117.6299753829
2021-10-19,887799.6832182787
2021-10-20,876824.9240207756
2021-10-21,876084.4012841103
2021-10-22,864301.21838108
2021-10-23,864301.21838108
2021-10-24,864301.21838108
2021-10-25,858604.1969316794
2021-10-26,869877.867294264
2021-10-27,867585.8393056204
2021-10-28,854524.7205425334
2021-10-29,848659.2097597497
2021-10-30,848659.2097597497
2021-10-31,848659.2097597497
2021-11-01,850496.0513362407
2021-11-02,853055.8265190345
2021-11-03,852484.4317194613
2021-11-04,856780.3149563357
2021-11-05,856780.3149563357
2021-11-06,856780.3149563357
2021-11-07,856780.3149563357
2021-11-08,858457.9333692788
2021-11-09,861171.4786500402
2021-11-10,862145.2396302065
2021-11-11,856425.8325588261
2021-11-12,855982.5446008584
2021-11-13,855982.5446008584
2021-11-14,855982.5446008584
2021-11-15,855524.2772668048
2021-11-16,856255.0318060222
2021-11-17,853451.9857129073
2021-11-18,848401.2834157601
2021-11-19,848401.2834157601
2021-11-20,848401.2834157601
2021-11-21,848401.2834157601
2021-11-22,838352.8426718307
2021-11-23,843878.189464188
2021-11-24,845513.4333276622
2021-11-25,849121.1533652972
2021-11-26,842643.7371791012
2021-11-27,842643.7371791012
2021-11-28,842643.7371791012
2021-11-29,835724.8899392791
2021-11-30,835155.0077818042
2021-12-01,836982.400803348
2021-12-02,837974.4916383747
2021-12-03,838571.8084570495
2021-12-04,838571.8084570495
2021-12-05,838571.8084570495
2021-12-06,837290.3305043433
2021-12-07,838427.0395977932
2021-12-08,840635.797948243
2021-12-09,842731.9452021527
2021-12-10,843877.3004159355
2021-12-11,843877.3004159355
2021-12-12,843877.3004159355
2021-12-13,843494.6610262267
2021-12-14,842720.8144446366
2021-12-15,841757.7834852458
2021-12-16,840461.4793780576
2021-12-17,837502.6559343075
2021-12-18,837502.6559343075
2021-12-19,837502.6559343075
2021-12-20,833321.353746589
2021-12-21,834939.6093496856
2021-12-22,837171.7989868276
2021-12-23,837984.9526589813
2021-12-24,836830.4584474381
2021-12-25,836830.4584474381
2021-12-26,836830.4584474381
2021-12-27,835838.5066760172
2021-12-28,837419.3983074746
2021-12-29,837964.865560623
2021-12-30,837469.7836773355
2021-12-31,838547.6037369738
