Date,Open,High,Low,Close,Volume,Dividends,Stock Splits,Outstanding Shares
2020-03-16,657.8432144476499,751.3942918426258,652.8670933096192,678.1458129882812,60887005,0.0,0,943171968
2020-03-17,687.6999522173825,744.3779850300521,685.7095037305014,727.409423828125,15145135,0.0,0,943171968
2020-03-18,748.5081385877564,765.3274528104466,676.7524940326447,685.9085693359375,8949832,0.0,0,943171968
2020-03-19,656.8479506236558,713.575728177517,646.8957089475398,688.744873046875,6432046,0.0,0,943171968
2020-03-20,702.877075742902,726.5136499714243,686.9534888942133,721.0399169921875,6492226,0.0,0,943171968
2020-03-23,655.8528088641823,694.6665562779958,577.2300897438934,579.61865234375,6260086,0.0,0,943171968
2020-03-24,617.0390659801265,620.970214113734,572.3037215478331,610.7691650390625,4019306,0.0,0,943171968
2020-03-25,598.1297606712881,645.8010254615244,588.5756323856524,621.9653930664062,3487615,0.0,0,943171968
2020-03-26,630.9721841152949,690.4865830234928,618.4821317361943,647.8412475585938,4360453,0.0,0,943171968
2020-03-27,671.7763988905542,686.7047633103443,646.8957915242374,652.7676391601562,3114532,0.0,0,943171968
2020-03-30,636.9435584226535,639.6306762084834,604.1011561914854,612.4112548828125,1791851,0.0,0,943171968
2020-03-31,631.9674501542133,634.9531231470679,605.6437544518112,615.695556640625,2334476,0.0,0,943171968
2020-04-01,621.0198951225176,621.0198951225176,598.3785447795091,605.1460571289062,1500748,0.0,0,943171968
2020-04-03,610.8686093594666,611.7643354480005,585.1918368309244,587.4310913085938,1693653,0.0,0,943171968
2020-04-07,602.1106713575716,608.0820168586384,579.2205136034821,583.2511596679688,3137346,0.0,0,943171968
2020-04-08,582.0071595611181,595.5422465122009,573.2491978537532,576.7324829101562,3090942,0.0,0,943171968
2020-04-09,582.2559325235959,611.3164926330712,572.253941007759,592.3574829101562,6139508,0.0,0,943171968
2020-04-13,577.2300507406806,578.7228870788031,498.7068654298063,503.0858459472656,22872176,0.0,0,943171968
2020-04-15,507.56435435562014,521.9453565444293,499.6025605618065,502.2398986816406,8436630,0.0,0,943171968
2020-04-16,502.5882251122572,534.6344567631975,498.6073282796849,529.5587768554688,8012039,0.0,0,943171968
2020-04-17,543.3924683652657,546.1790842594304,520.5023094414541,527.9664916992188,6749997,0.0,0,943171968
2020-04-20,532.1962040786991,546.278652476614,525.9760520908695,537.5206298828125,5766094,0.0,0,943171968
2020-04-21,526.3741003153043,532.3454454771629,515.5261323071288,523.388427734375,3249266,0.0,0,943171968
2020-04-22,524.4831261416864,533.1415883804237,517.6160552211144,529.8573608398438,2719250,0.0,0,943171968
2020-04-23,536.4258139698094,571.2586590327841,532.4449173911837,558.27099609375,4983300,0.0,0,943171968
2020-04-24,555.0366048518242,593.6015465180332,549.4633123196664,555.1858520507812,7823763,0.0,0,943171968
2020-04-27,561.0079532011648,572.2539757054242,540.2574899837308,550.0604858398438,3304382,0.0,0,943171968
2020-04-28,553.3446621550804,559.7638704744974,544.8355072868603,548.26904296875,1975797,0.0,0,943171968
2020-04-29,552.7475727662508,581.210962019751,545.7810030160141,574.7420043945312,6121254,0.0,0,943171968
2020-04-30,588.1775332975975,602.0111747064633,582.2061877818859,596.2886352539062,6038250,0.0,0,943171968
2020-05-04,563.4959749596468,575.2396088037937,563.4959749596468,565.7352294921875,2066273,0.0,0,943171968
2020-05-05,574.9908089111769,581.5095155826394,547.970446297936,550.3590087890625,2247743,0.0,0,943171968
2020-05-06,554.3398945359158,566.2825852620039,539.4115311283059,562.9486083984375,2355709,0.0,0,943171968
2020-05-07,560.3112737652746,576.2348623625115,556.2308784847006,571.7066040039062,2201860,0.0,0,943171968
2020-05-08,582.2061403570701,583.2013645286206,545.9799562151651,559.2662353515625,5124992,0.0,0,943171968
2020-05-11,549.3637779882635,558.3207961076373,540.4067598688896,545.8804931640625,2746613,0.0,0,943171968
2020-05-12,539.4115642015475,545.7312141341162,527.6679297495835,540.5062866210938,2114725,0.0,0,943171968
2020-05-13,567.2778364233286,567.8251976255295,542.646035631263,545.6814575195312,2376104,0.0,0,943171968
2020-05-14,540.4067769473064,543.1436436813858,534.5349294749051,536.0775756835938,1456710,0.0,0,943171968
2020-05-15,540.4148444466268,542.4089951641421,533.684585775013,537.872314453125,1044610,1.0,0,943171968
2020-05-18,538.4206608783477,538.4206608783477,524.4616067074276,527.3531494140625,1212869,0.0,0,943171968
2020-05-19,533.435301715614,538.4206783671617,527.6024353759625,536.0775756835938,1329747,0.0,0,943171968
2020-05-20,535.4294446102119,546.3972730845366,533.0364395095183,535.18017578125,1142401,0.0,0,943171968
2020-05-21,537.8224703360819,545.2007914423206,534.5819754353058,540.7637939453125,1181440,0.0,0,943171968
2020-05-22,539.8166087167727,544.7022413262285,493.5522890010825,508.0597229003906,5257005,0.0,0,943171968
2020-05-26,513.4937949120849,516.4850209018641,495.04790130844697,497.2913208007813,4517594,0.0,0,943171968
2020-05-27,500.1329953243928,519.575933975325,494.5493673493002,515.9366455078125,3008219,0.0,0,943171968
2020-05-28,518.47915018146,536.1772365578464,516.634585239819,530.7431640625,2381056,0.0,0,943171968
2020-05-29,526.455744440913,540.0658462676969,522.6668705727052,537.2739868164062,1540576,0.0,0,943171968
2020-06-01,542.4090017386887,555.7698360506477,542.4090017386887,546.1978759765625,1938989,0.0,0,943171968
2020-06-02,552.8782430247485,571.3241357135813,551.1333612839129,568.3827514648438,2740833,0.0,0,943171968
2020-06-03,576.3095491915113,624.169165733367,575.3124738468894,609.5121459960938,9382240,0.0,0,943171968
2020-06-04,613.2013192323923,632.8437151254748,605.224716705792,610.6089477539062,4581283,0.0,0,943171968
2020-06-05,616.1925261378668,630.1515801280451,613.2511418757501,624.1691284179688,2893988,0.0,0,943171968
2020-06-08,633.0431673699205,637.6296896612586,609.412469279948,613.0517578125,2619002,0.0,0,943171968
2020-06-09,616.1925489713185,624.916958038469,605.4241476654794,609.8611450195312,2338078,0.0,0,943171968
2020-06-10,610.2101025011153,616.1925544864204,591.8140504749725,596.64990234375,2051355,0.0,0,943171968
2020-06-11,593.7085058065,606.9197536705793,588.2744331929644,589.3213500976562,1353850,0.0,0,943171968
2020-06-12,550.8841233446624,592.7612874722205,550.8841233446624,588.72314453125,2363435,0.0,0,943171968
2020-06-15,583.2890492390098,597.2481034088323,581.6438506549079,590.8169555664062,1081666,0.0,0,943171968
2020-06-16,600.6880351511832,607.7174039442622,575.3124562359956,584.036865234375,1533797,0.0,0,943171968
2020-06-17,578.3037134652718,583.1894071113456,573.368178222126,577.80517578125,1143106,0.0,0,943171968
2020-06-18,576.3095330494093,588.7231329135851,575.5118849673834,586.1806030273438,1240429,0.0,0,943171968
2020-06-19,590.9665534106455,620.8788129638418,585.3828951133935,615.1456298828125,4045585,0.0,0,943171968
2020-06-22,620.9286685383867,666.7941342192631,618.5855658299581,655.9758911132812,6535761,0.0,0,943171968
2020-06-23,663.0052351944775,684.990733464024,661.0609261814379,677.9613647460938,3797034,0.0,0,943171968
2020-06-24,682.7473308544489,693.4658906305502,659.0667918142253,662.5067138671875,3224392,0.0,0,943171968
2020-06-25,648.098966162765,666.0463221488109,645.0080569744944,652.1869506835938,1614042,0.0,0,943171968
2020-06-26,655.9259562582422,661.5594559986283,646.3042162079696,650.24267578125,1001664,0.0,0,943171968
2020-06-29,643.113592224166,646.0051350434925,627.8085101472273,634.6882934570312,1137562,0.0,0,943171968
2020-06-30,638.1282229274098,646.0549841179161,625.5650978811861,628.40673828125,1499574,0.0,0,943171968
2020-07-01,632.7938703380896,651.8379844315966,624.5180965731812,647.75,1343198,0.0,0,943171968
2020-07-02,652.0872548949177,656.5740938047451,639.1252758220829,652.2866821289062,1395016,0.0,0,943171968
2020-07-03,659.4157643905852,675.0698596996062,652.2867120870919,672.8762817382812,2461518,0.0,0,943171968
2020-07-06,676.914463113994,702.8384215880766,675.0199956520747,696.7562255859375,2844630,0.0,0,943171968
2020-07-07,702.9381038370334,723.8766856534556,696.1580038011406,701.7914428710938,4554530,0.0,0,943171968
2020-07-08,707.9234487772037,718.8912768568506,689.0288600504831,693.416015625,2209024,0.0,0,943171968
2020-07-09,699.9468699102766,702.7885102104158,691.1726193248961,696.108154296875,1549853,0.0,0,943171968
2020-07-10,691.521546679441,707.923447168981,688.0816248000374,701.093505859375,1952538,0.0,0,943171968
2020-07-13,703.9351955612004,706.3780423346903,691.0728992316574,696.1580200195312,1082191,0.0,0,943171968
2020-07-14,689.9761262348508,693.4160482840854,682.996598946348,689.3280029296875,1399402,0.0,0,943171968
2020-07-15,692.9673357872606,702.8384056325004,688.7297657482737,690.175537109375,1068015,0.0,0,943171968
2020-07-16,693.9644308927581,721.1845752779977,683.6945671471403,717.7945556640625,3365778,0.0,0,943171968
2020-07-17,719.8883565722294,757.777217444452,717.9440475929836,753.7390747070312,6690584,0.0,0,943171968
2020-07-20,754.088076058036,766.5515179499665,729.2110338704126,748.8035888671875,6764802,0.0,0,943171968
2020-07-21,782.7041288701874,796.1148041412674,763.4605872998678,774.8272094726562,10761840,0.0,0,943171968
2020-07-22,775.7245815729347,779.5632971262346,747.8064732386903,751.9942016601562,3466851,0.0,0,943171968
2020-07-23,750.7977379134516,763.759717452462,738.9325169158514,741.8739013671875,2255744,0.0,0,943171968
2020-07-24,737.8357137566472,748.8035419341109,732.8503373123456,738.6333618164062,1742826,0.0,0,943171968
2020-07-27,742.8210901196472,761.2171413684362,732.8503372321352,748.45458984375,2848458,0.0,0,943171968
2020-07-28,752.7420539181101,755.8828047827574,746.1613200393556,750.1995239257812,1068617,0.0,0,943171968
2020-07-29,752.7420136685834,757.6775485995807,734.9441829606405,743.5689086914062,1556190,0.0,0,943171968
2020-07-30,743.9178611305432,747.3079415120827,726.8678977482432,733.7477416992188,1740476,0.0,0,943171968
2020-07-31,731.8532951092099,736.2404509211889,722.9294586991507,724.7241821289062,1012433,0.0,0,943171968
2020-08-03,724.7241621530922,740.9765383336024,718.7916127650113,728.7124633789062,855330,0.0,0,943171968
2020-08-04,732.301974641078,758.6746287993702,730.1083967846324,754.7860107421875,1885996,0.0,0,943171968
2020-08-05,760.6687577808846,767.6482847622289,748.8035375699409,756.6305541992188,1308362,0.0,0,943171968
2020-08-06,759.7714040049458,762.2142507429581,750.7977260048874,756.3314819335938,867916,0.0,0,943171968
2020-08-07,755.2845802867762,762.7626454381304,750.7977411959637,755.7332763671875,913957,0.0,0,943171968
2020-08-10,756.3314909620914,766.7509404912016,752.8915688496761,759.37255859375,1225839,0.0,0,943171968
2020-08-11,763.510412913971,788.5868811153125,758.7743052269434,778.0676879882812,3956485,0.0,0,943171968
2020-08-12,776.9210939548165,805.3377402982833,774.7275161008334,789.0355224609375,5418744,0.0,0,943171968
2020-08-13,793.4227102167368,807.6310339623711,786.4930243589396,789.9827880859375,2719223,0.0,0,943171968
2020-08-14,791.6778303293072,796.4139382563402,750.8475824501874,777.5193481445312,2224949,0.0,0,943171968
2020-08-17,779.4636260743473,806.6339283583587,767.8476743332026,800.7511596679688,2205467,0.0,0,943171968
2020-08-18,802.0474004626211,822.5871274228853,801.6485459975755,818.9976806640625,3763756,0.0,0,943171968
2020-08-19,824.2821894239147,834.2529427474007,817.6017725258494,821.9390258789062,2178064,0.0,0,943171968
2020-08-20,816.0064457393422,816.1559705195986,804.6397630341198,806.1353759765625,1742877,0.0,0,943171968
2020-08-21,812.9653557889756,832.4083249587393,812.6164037619216,827.6223754882812,1674525,0.0,0,943171968
2020-08-24,832.557890726604,838.5403426360167,823.334944032926,834.003662109375,1772023,0.0,0,943171968
2020-08-25,837.5432393843424,838.9391691259746,819.5958842546779,824.88037109375,1117728,0.0,0,943171968
2020-08-26,825.9273121305527,833.3555353922733,818.6985161029909,824.9302368164062,926127,0.0,0,943171968
2020-08-27,826.226509858445,829.3672606845562,808.7277888497052,817.3026733398438,1411422,0.0,0,943171968
2020-08-28,821.5900861855088,843.525743826384,821.1413901078881,836.446533203125,2308536,0.0,0,943171968
2020-08-31,842.5286533920112,846.2178442823355,783.8008921442755,805.4374389648438,3393543,0.0,0,943171968
2020-09-01,801.7482658142466,818.4492779521999,793.9710902437238,804.3406982421875,1456956,0.0,0,943171968
2020-09-02,799.6544071042795,816.6046875541208,799.5547239148807,811.718994140625,864094,0.0,0,943171968
2020-09-03,812.6164149034022,832.5579220175961,812.5665733069467,825.3789672851562,1202041,0.0,0,943171968
2020-09-04,808.6280612799089,825.0798035870833,807.630985988565,814.0621337890625,895542,0.0,0,943171968
2020-09-07,817.6017780272083,821.241127357428,802.6456479413447,806.3348388671875,836290,0.0,0,943171968
2020-09-08,808.6280855025818,822.1882855283999,804.7893698585765,816.5050048828125,1527365,0.0,0,943171968
2020-09-09,809.6749901745809,811.5694575988938,802.6456214376674,806.7835083007812,801690,0.0,0,943171968
2020-09-10,811.6193304466907,823.5842345810399,809.675021353529,817.5519409179688,1336600,0.0,0,943171968
2020-09-11,816.6046584754721,853.29701679486,816.6046584754721,846.915771484375,2721924,0.0,0,943171968
2020-09-14,855.4905990096023,865.4613519118121,840.2353592405505,853.3468627929688,2306713,0.0,0,943171968
2020-09-15,856.4877216683058,862.9687114131765,853.9950333048939,856.0888671875,1049675,0.0,0,943171968
2020-09-16,861.0243516829275,862.4701230200128,847.5139937190877,849.0594482421875,1082637,0.0,0,943171968
2020-09-17,844.4230871478745,855.4905985203394,841.5315444652289,848.5609130859375,706303,0.0,0,943171968
2020-09-18,853.496444023204,861.2736190754508,824.1325647064504,846.915771484375,8126281,0.0,0,943171968
2020-09-21,852.4994035616211,854.4935542132272,808.6280892262862,815.7572021484375,1464193,0.0,0,943171968
2020-09-22,817.6017808151714,825.5783835548317,771.7861566579182,810.6222534179688,1361203,0.0,0,943171968
2020-09-23,816.6046894001472,824.2821815572902,808.7776724585682,818.648681640625,1051814,0.0,0,943171968
2020-09-24,808.927185457087,818.3994008859912,802.6456231860906,813.713134765625,1161115,0.0,0,943171968
2020-09-25,810.7219046900003,821.8393186633492,804.5400864954722,809.6749877929688,761947,0.0,0,943171968
2020-09-28,816.3554283639227,846.0184195014209,810.9213556312696,838.939208984375,1055580,0.0,0,943171968
2020-09-29,842.6283218359276,852.3498061280128,828.2206322627193,847.2149047851562,1322936,0.0,0,943171968
2020-09-30,847.3146106312497,848.5111132089846,839.5374351609461,845.1210327148438,796450,0.0,0,943171968
2020-10-01,855.4906479941341,855.4906479941341,831.26172922577,836.446533203125,746193,0.0,0,943171968
2020-10-05,836.5462178695011,845.9685920895399,835.5491425204314,843.3761596679688,864631,0.0,0,943171968
2020-10-06,846.9656494409612,847.5140286999668,835.9978208342558,839.68701171875,796635,0.0,0,943171968
2020-10-07,842.5286329774794,845.5198588933758,830.563729313894,841.0330200195312,834051,0.0,0,943171968
2020-10-08,845.5198643035671,850.2559720340412,838.8394475439902,844.8218994140625,777027,0.0,0,943171968
2020-10-09,847.5140470903098,850.3058458976302,838.5403689446476,848.1621704101562,900501,0.0,0,943171968
2020-10-12,847.6137094308041,852.4994028659113,836.5461976660814,842.5784912109375,672680,0.0,0,943171968
2020-10-13,840.6341503923,858.5815055639632,837.6429245303561,853.8453979492188,1367182,0.0,0,943171968
2020-10-14,857.4847755891672,892.8809494652317,857.4847755891672,889.540771484375,5345898,0.0,0,943171968
2020-10-15,889.640438878838,916.0629344017176,885.1536000164623,897.5671997070312,3799142,0.0,0,943171968
2020-10-16,895.2739313616046,901.7549207764872,873.4379580672645,877.0274047851562,1568229,0.0,0,943171968
2020-10-19,881.7635434745371,886.2005408630166,872.7400239121124,880.616943359375,895259,0.0,0,943171968
2020-10-20,881.3647232850617,899.1624930409155,870.4467365827121,895.6727294921875,1284930,0.0,0,943171968
2020-10-21,898.3648600291983,906.0921937308924,875.4321277532033,892.6815185546875,960802,0.0,0,943171968
2020-10-22,896.3707325723105,899.361958598692,825.5783832812826,849.4085083007812,2426257,0.0,0,943171968
2020-10-23,787.6894891147607,825.428764978423,763.8593650381238,804.8890380859375,11939166,0.0,0,943171968
2020-10-26,804.7893975874524,815.6076408526794,787.6895308968419,791.6279907226562,2209502,0.0,0,943171968
2020-10-27,793.6719428617391,817.6017501842036,792.7247091505621,811.8187255859375,1830254,0.0,0,943171968
2020-10-28,816.2557506621401,817.4023507880669,804.6397986194598,806.3348388671875,1174804,0.0,0,943171968
2020-10-29,799.6543819542225,812.3172502986422,793.6719302189041,809.5254516601562,834927,0.0,0,943171968
2020-10-30,808.5782668276312,814.6105605206217,794.1705158563956,797.4110107421875,781982,0.0,0,943171968
2020-11-02,796.66319196213,812.2175428317473,790.880167195562,804.6896362304688,887924,0.0,0,943171968
2020-11-03,808.6281117126736,817.0035690249839,802.6456595914947,811.2703857421875,684155,0.0,0,943171968
2020-11-04,812.6164045411882,822.3877307312125,807.9301382577803,817.8012084960938,864460,0.0,0,943171968
2020-11-05,822.5871354180579,841.1826143977434,822.5871354180579,824.6809692382812,1030075,0.0,0,943171968
2020-11-06,827.5227020176727,852.4994274578264,825.0798552296507,845.0213623046875,1627683,0.0,0,943171968
2020-11-09,850.5052261329087,861.4232127780425,831.6106371324837,837.991943359375,1458095,0.0,0,943171968
2020-11-10,846.3175015019774,857.4847570205511,834.1033290909288,837.244140625,1198077,0.0,0,943171968
2020-11-11,837.5432620520478,839.5374126759813,798.7570080738833,803.3934326171875,2926323,0.0,0,943171968
2020-11-12,805.5870241225466,806.6339410465183,777.9680253418368,778.8654174804688,3771352,0.0,0,943171968
2020-11-13,780.610285834604,785.5956623928615,767.8975756110477,771.7861328125,3057925,0.0,0,943171968
2020-11-14,778.5163748967778,789.5340446889509,777.7187268354553,787.2407836914062,449477,0.0,0,943171968
2020-11-17,792.6749020276425,792.6749020276425,778.0178822339146,780.66015625,1312729,0.0,0,943171968
2020-11-18,782.1059045987768,816.1061486354312,777.3198943820594,811.96826171875,3183192,0.0,0,943171968
2020-11-19,809.6251354256575,829.566641224319,799.1558448813602,804.4901733398438,2422368,0.0,0,943171968
2020-11-20,804.6397832870028,811.8187377627518,792.7247210409772,804.5401000976562,1286646,0.0,0,943171968
2020-11-23,807.6309807133996,818.6486504394569,804.0913756235774,812.6661987304688,1412782,0.0,0,943171968
2020-11-24,816.604703746834,816.604703746834,802.6456489819309,803.6925659179688,761690,0.0,0,943171968
2020-11-25,809.5752975926566,815.6075909534402,801.6983784229416,803.7423706054688,960946,0.0,0,943171968
2020-11-26,806.6339098883515,813.314326504986,804.0913800693033,806.8831787109375,731624,0.0,0,943171968
2020-11-27,811.6192994495686,812.2175202907792,789.6836427076885,796.9622802734375,1016666,0.0,0,943171968
2020-12-01,797.7100957867711,804.6397814163956,794.6191866444354,797.6104125976562,951069,0.0,0,943171968
2020-12-02,801.3494601820831,802.6456459483096,792.674892582492,794.6192016601562,832610,0.0,0,943171968
2020-12-03,798.6075128034057,839.387858055883,795.6661283530763,836.197265625,4820372,0.0,0,943171968
2020-12-04,846.5169669708724,858.4818710976692,837.7925577117499,856.338134765625,3230931,0.0,0,943171968
2020-12-07,852.4993812884622,861.4730589862355,841.6811386288053,844.423095703125,1040877,0.0,0,943171968
2020-12-08,843.3761351505133,856.7868103769746,838.6400273801136,853.1475219726562,1475632,0.0,0,943171968
2020-12-09,854.4935754288738,859.4789521816676,838.5403698199333,843.1268920898438,707807,0.0,0,943171968
2020-12-10,842.0300929187331,842.0300929187331,824.7308607638903,829.3173828125,634969,0.0,0,943171968
2020-12-11,832.0593584309516,842.4289661501022,815.9067260000877,820.7924194335938,857936,0.0,0,943171968
2020-12-14,824.581310974299,832.5579137406767,809.6750223833006,812.5167236328125,953777,0.0,0,943171968
2020-12-15,818.5988654308792,832.0593827065392,811.619337954611,818.4492797851562,1517601,0.0,0,943171968
2020-12-16,822.5871228513275,830.0651876045214,818.6985048370079,824.7807006835938,825128,0.0,0,943171968
2020-12-17,826.5754679053349,840.0359851752046,821.739676784375,837.8424072265625,1461961,0.0,0,943171968
2020-12-18,842.0799403848841,847.5140129924594,831.6604912302945,837.8922119140625,867946,0.0,0,943171968
2020-12-21,832.5578823223904,843.6253939004242,796.6631712282514,811.3201904296875,1499314,0.0,0,943171968
2020-12-22,812.6163819014986,824.930237701764,797.6602521732501,819.89501953125,1304570,0.0,0,943171968
2020-12-23,825.5783743926105,838.041816035011,817.6017717414742,826.9743041992188,951485,0.0,0,943171968
2020-12-24,829.5666710050931,836.9450527581342,828.0710580165022,832.75732421875,664515,0.0,0,943171968
2020-12-28,837.5432739257814,841.7310024667399,834.851158373976,837.5432739257812,469675,0.0,0,943171968
2020-12-29,847.5139989904189,857.33516628312,834.352592952415,838.2412109375,1172099,0.0,0,943171968
2020-12-30,843.5257202736865,851.0037851697298,838.6899293169043,848.3615112304688,906380,0.0,0,943171968
2020-12-31,847.5139962031334,852.4495310582338,829.56664098942,848.5609130859375,673598,0.0,0,943171968
2021-01-01,848.7105141117014,852.4993881097486,840.5344844169803,850.3556518554688,470271,0.0,0,943171968
2021-01-04,851.3029034023272,894.3765697699347,851.3029034023272,885.6521606445312,2897219,0.0,0,943171968
2021-01-05,887.3970243348514,915.3151329656108,881.3647308913204,911.17724609375,3867519,0.0,0,943171968
2021-01-06,915.514542103625,972.1484063210504,915.514542103625,966.1659545898438,7456425,0.0,0,943171968
2021-01-07,982.3186053219048,999.1192999140686,953.5529461806389,974.64111328125,3734212,0.0,0,943171968
2021-01-08,977.1338146835728,986.107492573524,955.1981576192476,962.3272705078124,1525747,0.0,0,943171968
2021-01-11,965.61760815289,967.6117587976968,938.3974640226072,962.0780029296876,1639562,0.0,0,943171968
2021-01-12,962.2773728238118,976.1367441985028,949.2157103952756,958.9371948242188,1026418,0.0,0,943171968
2021-01-13,960.1835386053002,976.1367438157724,960.083855415394,971.1513671875,1300730,0.0,0,943171968
2021-01-14,970.1542754134796,970.5531298796384,947.3711289512072,957.3917236328124,599023,0.0,0,943171968
2021-01-15,957.1923202449352,970.0546163908862,949.0162903381802,952.6556396484376,803504,0.0,0,943171968
2021-01-18,954.2010692289084,962.1278300944592,939.24493961717,957.6409912109376,815585,0.0,0,943171968
2021-01-19,962.1776874450862,971.6997446158296,954.599939327038,964.2216796875,576221,0.0,0,943171968
2021-01-20,966.1660010138198,1003.057788462232,959.5853281359518,995.7293090820312,3130168,0.0,0,943171968
2021-01-21,1007.0460623680656,1016.0197401515436,967.8610148848752,976.7848510742188,2160359,0.0,0,943171968
2021-01-22,1008.0431049155771,1036.9582879448076,976.0868544632226,1029.7294921875,5778738,0.0,0,943171968
2021-01-25,1031.374747291448,1034.3659732860792,990.4447562462608,1018.512451171875,2143108,0.0,0,943171968
2021-01-27,1005.8994387996564,1009.9874842335882,947.2215790109536,967.1630859375,2217110,0.0,0,943171968
2021-01-28,949.215727234673,988.9491553398092,949.215727234673,967.66162109375,1206307,0.0,0,943171968
2021-01-29,977.133783332342,1008.0431172948956,973.2451653621364,983.1660766601562,1720621,0.0,0,943171968
2021-02-01,983.16613245828,1017.016852616198,971.799510031265,1003.5563354492188,841438,0.0,0,943171968
2021-02-02,1017.0168411651952,1029.978820513379,998.0724098101572,1005.7997436523438,817924,0.0,0,943171968
2021-02-03,1007.9933026483308,1015.5212091110598,987.104562611634,992.5386352539062,816467,0.0,0,943171968
2021-02-04,995.5298684106016,995.5298684106016,979.7760904786908,986.257080078125,852024,0.0,0,943171968
2021-02-05,991.0430314056282,1012.2308820608208,973.1455171514416,978.57958984375,1746296,0.0,0,943171968
2021-02-08,987.852342533148,992.089912511211,975.2393157851964,980.7731323242188,813768,0.0,0,943171968
2021-02-09,982.1192110362532,1028.732483235182,982.1192110362532,1011.7323608398438,2273388,0.0,0,943171968
2021-02-10,997.0753055928784,1027.9846400662575,996.0283886933354,1021.3540649414062,1022092,0.0,0,943171968
2021-02-11,1022.0021766942232,1026.4890155187345,1007.0460472791858,1021.2044677734376,633576,0.0,0,943171968
2021-02-12,1022.9993055300636,1045.9320385000358,1008.0431753322556,1017.9142456054688,1294689,0.0,0,943171968
2021-02-15,1026.9876016314677,1026.9876016314677,1011.3335066003184,1016.518310546875,977902,0.0,0,943171968
2021-02-16,1026.5389547737457,1033.967117297556,1012.0314600356984,1016.3687133789062,953363,0.0,0,943171968
2021-02-17,1012.0314225168948,1024.993401327456,1008.1428045310678,1021.4537353515624,555021,0.0,0,943171968
2021-02-18,1021.005170387779,1075.1464112137794,1018.0139443026584,1060.638916015625,1811931,0.0,0,943171968
2021-02-19,1069.8618204908444,1092.04674640503,997.0753219858752,1022.8995971679688,2248224,0.0,0,943171968
2021-02-22,1029.380595121827,1040.4980093949275,1010.0373093755296,1016.3687133789062,991489,0.0,0,943171968
2021-02-23,1021.4039794538032,1031.6240014568189,1009.0402211757884,1026.2896728515625,1043507,0.0,0,943171968
2021-02-24,1034.964149634898,1045.6827089880533,1011.7821491734228,1037.0579833984375,432512,0.0,0,943171968
2021-02-25,1041.9437617864785,1134.1233310697316,1038.703266833554,1107.0029296875,3029314,0.0,0,943171968
2021-02-26,1086.9117276839368,1108.4485291772337,1058.644668116904,1065.474609375,2127009,0.0,0,943171968
2021-03-01,1075.0965049557758,1107.451551643342,1072.8530853998743,1095.1376953125,1205339,0.0,0,943171968
2021-03-02,1123.7039033527888,1135.6688073813898,1086.8620183833737,1104.9090576171875,1678897,0.0,0,943171968
2021-03-03,1099.7740318685453,1114.730161041735,1082.8237521389303,1093.193359375,1329683,0.0,0,943171968
2021-03-04,1086.8121030734549,1091.4485276723449,1078.1375964406643,1083.22265625,1027668,0.0,0,943171968
2021-03-05,1089.8033726214192,1098.7770508955207,1043.6387345926662,1055.3543701171875,1431598,0.0,0,943171968
2021-03-08,1065.1257156339498,1074.9967856913538,1054.9056935555525,1063.5802001953125,711820,0.0,0,943171968
2021-03-09,1073.8500837747645,1086.4631104941643,1046.929051033893,1052.1636962890625,785553,0.0,0,943171968
2021-03-10,1058.6946557641031,1062.2841026829649,1019.1106913243436,1024.3453369140625,1409421,0.0,0,943171968
2021-03-12,1034.9641520213756,1051.9144319677755,1009.040194456293,1012.131103515625,1020608,0.0,0,943171968
2021-03-15,1026.9875937427494,1034.8146107698767,1007.0460870681328,1013.2279663085938,1138505,0.0,0,943171968
2021-03-16,1020.5065865241584,1031.7735862868808,1010.0871372945218,1019.1106567382812,635668,0.0,0,943171968
2021-03-17,1000.8642026160232,1003.0577805101384,967.163068682738,975.4387817382812,23676553,0.0,0,943171968
2021-03-18,982.119197740357,1006.0490056040816,980.6235847488742,997.4741821289062,2886658,0.0,0,943171968
2021-03-19,991.0928481882488,1009.040203588036,972.2481006758136,988.3508911132812,1695099,0.0,0,943171968
2021-03-22,988.3509086435844,988.3509086435844,963.424025701754,970.2539672851562,3355126,0.0,0,943171968
2021-03-23,972.6469956483052,980.2247439011628,949.0162978830596,953.552978515625,1746087,0.0,0,943171968
2021-03-24,953.2040297836996,953.5529818117764,910.4294731421688,919.05419921875,2963569,0.0,0,943171968
2021-03-25,920.300493979984,942.236150391208,903.6991660351948,921.5966796875,4206774,0.0,0,943171968
2021-03-26,931.2683697442056,946.972306386038,923.2917670054971,943.7318115234376,2282054,0.0,0,943171968
2021-03-30,947.819800929528,952.157115204862,930.3709823494066,937.9487915039062,1365204,0.0,0,943171968
2021-03-31,938.3475496372764,939.9927482409776,919.7022900307818,925.53515625,1892366,0.0,0,943171968
2021-04-01,932.2654514387114,982.1192188953268,932.2654514387114,971.4505004882812,2082857,0.0,0,943171968
2021-04-05,976.136710843322,976.136710843322,909.5320935107352,938.5968017578124,2167884,0.0,0,943171968
2021-04-06,945.6262691895888,956.7436226271426,930.6701392099347,948.1189575195312,1081257,0.0,0,943171968
2021-04-07,943.2332705185312,979.9256308155756,933.0132482956824,973.4446411132812,2600202,0.0,0,943171968
2021-04-08,975.0399995253536,975.139682716714,950.511909642416,953.80224609375,1244924,0.0,0,943171968
2021-04-09,953.2039765833192,976.7848315182322,944.4297262086932,961.1307373046876,1979210,0.0,0,943171968
2021-04-12,928.2770939164104,942.0865623242806,882.4116306294555,887.845703125,2550147,0.0,0,943171968
2021-04-13,895.174229986808,914.2184055353492,880.4175270947156,895.3736572265625,1682969,0.0,0,943171968
2021-04-15,897.8663320623938,907.1391204331854,880.7664658598011,902.9015502929688,1874017,0.0,0,943171968
2021-04-16,913.1215495488652,978.5297258846977,912.3239014784648,970.8522338867188,5938047,0.0,0,943171968
2021-04-19,932.3152550495925,945.2273924661076,919.5028616779164,940.3916015625,2111834,0.0,0,943171968
2021-04-20,952.2069453681572,986.1075067739346,949.9635258633632,961.978271484375,1898536,0.0,0,943171968
2021-04-22,956.793473955196,956.793473955196,937.4502488320676,941.3388061523438,1559209,0.0,0,943171968
2021-04-23,941.2889617570096,952.0075216529152,929.5234849263225,934.658447265625,943020,0.0,0,943171968
2021-04-26,960.9812050928532,969.0575518992686,908.3356390617045,916.6611938476562,2745958,0.0,0,943171968
2021-04-27,917.3092872789476,961.1806010183756,907.3385341563504,951.8579711914062,5280436,0.0,0,943171968
2021-04-28,960.6820418624052,999.0694405253035,950.2127513179784,990.3450317382812,3785596,0.0,0,943171968
2021-04-29,995.0811799953628,1013.028535947183,973.0956811257128,987.1544189453124,2028504,0.0,0,943171968
2021-04-30,970.1542775492146,1002.9081771710898,969.3067878775706,981.321533203125,1842192,0.0,0,943171968
2021-05-03,969.1572243286524,981.9197764283172,959.9342774921912,974.4417114257812,1155386,0.0,0,943171968
2021-05-04,989.0986913091812,991.5415379499736,945.7259160350386,952.9547119140624,1292324,0.0,0,943171968
2021-05-05,957.1923095072516,972.1484393433024,943.2332549936044,962.0780029296876,1230133,0.0,0,943171968
2021-05-06,967.8609992908436,986.8054298618448,967.1630344142668,972.5971069335938,1399816,0.0,0,943171968
2021-05-07,977.233499139575,984.761466508998,970.1044470984184,979.078125,917653,0.0,0,943171968
2021-05-10,983.0166087036816,986.8054828500024,968.309747339116,974.342041015625,845230,0.0,0,943171968
2021-05-11,972.1484346434964,980.9725268614474,962.1776814676656,967.8610229492188,1155490,0.0,0,943171968
2021-05-12,980.1250669269864,988.9990618654248,964.570715843338,971.6997680664062,2438744,0.0,0,943171968
2021-05-14,977.0341445660298,980.8230186655938,959.336057379618,967.0134887695312,1713488,0.0,0,943171968
2021-05-17,975.1396853727424,985.0605972060956,972.1484593439918,977.4827880859376,1734108,0.0,0,943171968
2021-05-18,986.1074920139952,1006.048998424794,985.4095271182877,989.1485595703124,2540162,0.0,0,943171968
2021-05-19,992.3890408412204,1015.0226624804336,990.0957798065529,1008.890625,2265642,0.0,0,943171968
2021-05-20,1016.019718840944,1043.987729364817,1008.1927021699604,1032.2720947265625,3116575,0.0,0,943171968
2021-05-21,1044.5360981708832,1073.4015021904304,1042.5918499500349,1061.0875244140625,3433549,0.0,0,943171968
2021-05-24,1066.8705518516217,1096.6831271291992,1063.9292284547305,1087.4102783203125,3018184,0.0,0,943171968
2021-05-25,1099.6744559371302,1100.0733104299748,1019.0110337197824,1033.7178955078125,2593937,0.0,0,943171968
2021-05-26,1043.040449016516,1046.9290670367398,1013.5768860155256,1022.1018676757812,1935012,0.0,0,943171968
2021-05-27,1029.9787919382952,1095.237322083918,1012.2807052423564,1047.9261474609375,22224051,0.0,0,943171968
2021-05-28,1064.3778843367415,1072.8530243993762,1039.151830523818,1044.13720703125,1327816,0.0,0,943171968
2021-05-31,1045.9320269278933,1053.9086296118046,1033.967122902026,1041.9437255859375,777506,0.0,0,943171968
2021-06-01,1044.9349222062124,1060.838224674701,1035.8615612510885,1042.890869140625,867751,0.0,0,943171968
2021-06-02,1046.9290293100703,1054.6064601730286,1039.9495024480034,1051.615234375,668957,0.0,0,943171968
2021-06-03,1053.9086465631578,1058.8940233207886,1043.937893047896,1048.275146484375,546706,0.0,0,943171968
2021-06-04,1048.92318065929,1054.9555347086634,1036.9582774578532,1046.580078125,629772,0.0,0,943171968
2021-06-07,1046.9291304895694,1049.8206733831057,1038.9525275906012,1041.245849609375,585437,0.0,0,943171968
2021-06-08,1041.943726555132,1066.870609965542,1027.9347693931625,1056.3016357421875,845707,0.0,0,943171968
2021-06-09,1066.870646992566,1111.7390386885152,1062.8823455084816,1101.9676513671875,3425380,0.0,0,943171968
2021-06-10,1126.6950769305631,1136.1672921790946,1086.8120653578,1100.5218505859375,2290122,0.0,0,943171968
2021-06-11,1099.8737479457395,1108.7477425298696,1082.8237845210776,1091.498291015625,716871,0.0,0,943171968
2021-06-14,1096.7828231871667,1100.2725867154895,1071.955624028726,1075.096435546875,646875,0.0,0,943171968
2021-06-15,1083.1229812681725,1084.8179606463634,1068.7650721522523,1071.9058837890625,718204,0.0,0,943171968
2021-06-16,1071.8560207391438,1081.2783342826465,1066.3721062144318,1073.75048828125,487546,0.0,0,943171968
2021-06-17,1071.7562429647132,1071.7562429647132,1043.9877207554837,1048.6240234375,644817,0.0,0,943171968
2021-06-18,1008.043128536189,1011.9317465497588,978.4299799479212,1002.9580688476562,52608706,0.0,0,943171968
2021-06-21,996.0782204494916,1005.0020565177408,986.8552739638482,996.5269165039062,1231745,0.0,0,943171968
2021-06-22,1010.0373090481418,1010.0373090481418,964.321429521248,972.7965698242188,5732143,0.0,0,943171968
2021-06-23,967.1630602191526,967.1630602191526,928.277122746424,930.96923828125,9934420,0.0,0,943171968
2021-06-24,939.2449319245716,982.6177074433812,938.347539812558,968.957763671875,8126911,0.0,0,943171968
2021-06-25,972.1484384955052,977.1338151031744,955.2978412189238,969.5061645507812,3543630,0.0,0,943171968
2021-06-28,974.5912727087452,976.1367272659778,951.6086990133936,957.3917236328124,2199710,0.0,0,943171968
2021-06-29,962.177709419682,975.1396889248176,957.8404560048542,971.9490356445312,3329810,0.0,0,943171968
2021-06-30,975.5883335938762,979.1279387162768,964.1718093061504,967.5618896484376,2733246,0.0,0,943171968
2021-07-01,969.2569015250904,981.8699287606898,965.1689170249788,978.0810546875,1806696,0.0,0,943171968
2021-07-02,981.1221084695912,983.515113564615,966.415247595682,980.822998046875,1982887,0.0,0,943171968
2021-07-05,983.116247968428,991.4917048495604,975.1396455508344,985.4593505859376,1697600,0.0,0,943171968
2021-07-06,985.110390646425,998.07236947072,982.6675440043632,994.3831787109376,2271905,0.0,0,943171968
2021-07-07,992.089956475625,992.089956475625,979.6265148113582,984.262939453125,1364283,0.0,0,943171968
2021-07-08,989.896392495962,990.9932118918356,969.805360764539,981.52099609375,1406822,0.0,0,943171968
2021-07-09,979.4270776924626,984.9109919694156,967.1630633898794,971.64990234375,1088635,0.0,0,943171968
2021-07-12,979.1279675953364,984.1133442124204,970.2539728742672,976.4358520507812,1170529,0.0,0,943171968
2021-07-13,981.1221443285426,988.600209452998,973.7437623964202,985.8084106445312,997618,0.0,0,943171968
2021-07-14,987.0547024535518,987.1045440470732,977.1337910769008,984.0634765625,605238,0.0,0,943171968
2021-07-15,992.1398052128822,996.0782649784712,973.145532151139,975.58837890625,1679244,0.0,0,943171968
2021-07-16,980.822990964387,988.5004829941148,973.1454989346591,987.1045532226562,705163,0.0,0,943171968
2021-07-19,978.1309136767818,980.8230292802496,968.1601602244192,969.8053588867188,957347,0.0,0,943171968
2021-07-20,977.1338172277252,977.1338172277252,943.2332562218652,961.8287353515624,1471828,0.0,0,943171968
2021-07-22,967.3126739689396,982.9168666634756,921.1979390875136,940.0924682617188,7557441,0.0,0,943171968
2021-07-23,952.2069119809158,959.136597490745,934.3592397592432,954.1013793945312,2255593,0.0,0,943171968
2021-07-26,967.1630337373664,1023.9963254105932,967.1630337373664,1014.2748413085938,8822539,0.0,0,943171968
2021-07-27,1018.0138902416892,1025.3922718691556,1002.0606853015648,1013.4273681640624,1703257,0.0,0,943171968
2021-07-28,1023.5476902142794,1023.9963254105932,987.3538084107496,1014.2748413085938,2201220,0.0,0,943171968
2021-07-29,1016.01975878561,1022.6004316048594,1007.095922432601,1014.4743041992188,1104932,0.0,0,943171968
2021-07-30,1021.902576651276,1036.9583904780566,1012.1810917405444,1033.7178955078125,2072943,0.0,0,943171968
2021-08-02,1034.964147153032,1041.3952340641863,1026.937642413205,1037.5565185546875,1149473,0.0,0,943171968
2021-08-03,1037.5565498360604,1048.325011937802,1035.9612536725826,1045.9320068359375,1086325,0.0,0,943171968
2021-08-04,1045.9319787525371,1050.3689151057797,1022.1018549893012,1032.0228271484375,1309497,0.0,0,943171968
2021-08-05,1035.761853798953,1035.761853798953,1012.8789030010918,1028.23388671875,816327,0.0,0,943171968
2021-08-06,1027.9846306902896,1028.2838019645565,1006.4976702220692,1015.9200439453124,967564,0.0,0,943171968
2021-08-09,1019.0110335682358,1032.2222822911117,1014.0256566916788,1024.14599609375,811299,0.0,0,943171968
2021-08-10,1026.9875381796548,1028.981688739227,1017.016785381794,1024.1956787109375,985261,0.0,0,943171968
2021-08-11,1024.9435314516684,1031.972961176887,992.089948184544,1029.5799560546875,854619,0.0,0,943171968
2021-08-12,1028.9817439837873,1035.8615881263383,1016.0197646506582,1027.8350830078125,645518,0.0,0,943171968
2021-08-13,1022.9993211994728,1033.568295691817,1020.3570471480616,1026.887939453125,670648,0.0,0,943171968
2021-08-16,1022.9992675781252,1030.5770155878968,1015.9698988172656,1022.999267578125,250890,0.0,0,943171968
2021-08-17,1015.0226897379796,1022.7999260263988,999.0694843982862,1013.2279663085938,1560201,0.0,0,943171968
2021-08-18,1004.0548518103244,1014.5241427179792,1002.0607011612472,1007.7938842773438,888608,0.0,0,943171968
2021-08-20,1000.0665599798164,1010.0373133195952,992.0899573079934,998.6207885742188,1407510,0.0,0,943171968
2021-08-23,1002.0607017927534,1022.0022082960918,995.0811745165852,1017.3657836914062,960750,0.0,0,943171968
2021-08-24,1022.0022559077744,1027.6357561000727,1002.310017318332,1024.893798828125,1057683,0.0,0,943171968
2021-08-25,1026.9875917332313,1067.8676803362046,1023.9963657378918,1062.0845947265625,2697253,0.0,0,943171968
2021-08-26,1063.879314700965,1096.7827986607888,1050.3688960866912,1084.8677978515625,1971766,0.0,0,943171968
2021-08-27,1100.9705500029895,1106.753635703698,1079.832601321716,1087.8092041015625,1552855,0.0,0,943171968
2021-08-30,1087.9089165650942,1102.7653639849475,1085.5658137781302,1091.64794921875,782375,0.0,0,943171968
2021-08-31,1086.8121471166876,1157.5545955303846,1077.1903455082695,1137.21435546875,3348741,0.0,0,943171968
2021-09-01,1145.6395682346613,1161.5927737105137,1093.7916504381406,1122.8065185546875,2326534,0.0,0,943171968
2021-09-02,1128.489891391099,1141.6512368776455,1114.730203344286,1118.9677734375,1487340,0.0,0,943171968
2021-09-03,1126.69510329912,1131.6804798623905,1096.8825271081037,1105.1083984375,1347872,0.0,0,943171968
2021-09-06,1110.7418553950365,1115.627548580994,1084.8178982673246,1089.1551513671875,720194,0.0,0,943171968
2021-09-07,1089.8033543711026,1092.694897220328,1060.7884861133973,1078.2373046875,881067,0.0,0,943171968
2021-09-08,1081.9763236662398,1120.01477202327,1078.835512019641,1105.1583251953125,1637527,0.0,0,943171968
2021-09-09,1134.6717722220003,1134.6717722220003,1096.7829081231987,1101.9676513671875,1705768,0.0,0,943171968
2021-09-13,1101.9676262356736,1102.3166999782118,1080.8296775374204,1082.77392578125,659910,0.0,0,943171968
2021-09-14,1086.812056815084,1086.812056815084,1054.6563789872985,1058.196044921875,1128681,0.0,0,943171968
2021-09-15,1061.8851623415742,1072.8030878606153,1052.9114849133357,1060.688720703125,1181994,0.0,0,943171968
2021-09-16,1071.85601821696,1081.6771862272644,1064.7768074625594,1074.2490234375,872300,0.0,0,943171968
2021-09-17,1081.826719497936,1090.8003973555226,1061.9351155989375,1074.8970947265625,1479348,0.0,0,943171968
2021-09-20,1071.8559951741074,1073.8501458628036,1050.8675104902625,1069.1639404296875,1113168,0.0,0,943171968
2021-09-21,1027.8849378260825,1076.7416268945542,1009.0401905570131,1066.7708740234375,39774519,0.0,0,943171968
2021-09-22,1060.888093276856,1071.6565549390427,1051.0669261544983,1059.4423828125,782140,0.0,0,943171968
2021-09-23,1058.8939859482991,1076.7416584533637,1038.9524796215892,1045.9320068359375,2898242,0.0,0,943171968
2021-09-24,1046.879160659532,1049.621117729581,1004.4037772988804,1008.2425537109376,6572048,0.0,0,943171968
2021-09-27,1017.0167685219444,1043.9378006298782,1011.0841585342376,1037.5067138671875,2762642,0.0,0,943171968
2021-09-28,1037.506780531516,1038.952491070816,1007.0959221915087,1012.081298828125,3334438,0.0,0,943171968
2021-09-29,1007.0460796593472,1023.9963602080688,1007.0460796593472,1017.1165161132812,3168484,0.0,0,943171968
2021-09-30,1024.9934489167858,1035.9113751980412,1017.116529392762,1026.5887451171875,2817641,0.0,0,943171968
2021-10-01,1022.5007964429088,1044.9349923668146,1020.755914537716,1043.5390625,2026286,0.0,0,943171968
2021-10-04,1046.9290651824408,1080.8296253883486,1046.9290651824408,1068.8148193359375,1780368,0.0,0,943171968
2021-10-05,1068.86472044261,1095.686070326226,1061.8851933501676,1093.492431640625,1515466,0.0,0,943171968
2021-10-06,1100.771098410468,1110.492582295887,1080.8295930044817,1094.938232421875,1602487,0.0,0,943171968
2021-10-07,1123.105623956096,1139.5573661379335,1115.2287048718308,1136.0177001953125,2243226,0.0,0,943171968
2021-10-08,1139.6570468311572,1147.5339658981952,1119.7654436492105,1136.5162353515625,1720415,0.0,0,943171968
2021-10-11,1145.639564388205,1156.707076307259,1116.873965203798,1123.5543212890625,1101061,0.0,0,943171968
2021-10-12,1122.706857804772,1136.416644034626,1098.976415499777,1108.747802734375,1360143,0.0,0,943171968
2021-10-13,1117.72140630109,1129.5866266606824,1088.8062227304106,1104.0615234375,1444602,0.0,0,943171968
2021-10-14,1113.7331614593584,1138.6600451088516,1099.7741066156425,1131.630615234375,1789269,0.0,0,943171968
2021-10-18,1141.5515833006675,1150.624944569431,1132.677588414968,1137.4136962890625,1039242,0.0,0,943171968
2021-10-19,1139.4078610541176,1144.89177550242,1101.7682664316778,1110.49267578125,1097487,0.0,0,943171968
2021-10-20,1107.7506489393909,1113.7331006888382,1079.8824432251972,1100.0233154296875,850277,0.0,0,943171968
2021-10-21,1110.7418980302052,1111.090850046891,1076.9410205966808,1085.71533203125,1051526,0.0,0,943171968
2021-10-22,1084.817908919876,1135.3695771299986,1084.817908919876,1126.196533203125,2436016,0.0,0,943171968
2021-10-25,1136.5661891983173,1145.0911102132518,1098.577643595367,1126.2962646484375,1172076,0.0,0,943171968
2021-10-26,1127.642324816585,1141.501696603143,1116.7743008103555,1119.8153076171875,1015325,0.0,0,943171968
2021-10-27,1127.6921332206227,1149.6277892160724,1121.809364770094,1133.7244873046875,1195271,0.0,0,943171968
2021-10-28,1139.9563134270804,1153.7158804353423,1106.7536550890873,1122.607177734375,2221276,0.0,0,943171968
2021-10-29,1116.5250072692247,1116.5250072692247,1032.0228727452152,1052.01416015625,5328926,0.0,0,943171968
2021-11-01,1066.7709067321016,1076.641976719826,1052.712169095425,1065.0758056640625,1159482,0.0,0,943171968
2021-11-02,1069.5626283078143,1081.8267032138976,1062.1344659894971,1068.3162841796875,1121537,0.0,0,943171968
2021-11-03,1075.8442511817902,1110.6919843118606,1072.0553163477323,1102.56591796875,1753014,0.0,0,943171968
2021-11-04,1121.709787793077,1125.1496491236555,1108.548441634959,1117.3226318359375,374627,0.0,0,943171968
2021-11-08,1122.706852366061,1127.5925459596924,1094.2403022286528,1100.1729736328125,1682661,0.0,0,943171968
2021-11-09,1106.155355953937,1106.155355953937,1069.9614740817717,1079.8824462890625,1822776,0.0,0,943171968
2021-11-10,1082.0260639161909,1090.1024711947432,1066.9702512700155,1074.3486328125,1300290,0.0,0,943171968
2021-11-11,1069.8617871199133,1073.8500882834544,1054.8557553067728,1070.8089599609375,900752,0.0,0,943171968
2021-11-12,1081.826754143836,1084.768077739368,1072.5041239692196,1082.524658203125,914220,0.0,0,943171968
2021-11-15,1091.747629696423,1091.747629696423,1063.2812008587496,1082.5745849609375,605870,0.0,0,943171968
2021-11-16,1081.7768285298605,1085.8150322939584,1069.9615102346104,1077.4395751953125,563315,0.0,0,943171968
2021-11-17,1075.8442752312455,1077.589157049276,1056.8998440640596,1058.7943115234375,657952,0.0,0,943171968
2021-11-18,1061.8851639748596,1063.7796313330596,1022.0021531213438,1025.9405517578125,1620485,0.0,0,943171968
2021-11-22,1028.5330798815964,1033.5682371454538,989.0987028711244,1004.3539428710938,1523389,0.0,0,943171968
2021-11-23,996.0782576712024,1007.0460863342488,982.3684718423946,1003.656005859375,1175544,0.0,0,943171968
2021-11-24,1005.0519467775628,1013.3276599616436,995.0811933373092,996.6266479492188,1963684,0.0,0,943171968
2021-11-25,1000.066527073145,1005.0519035789932,986.0077896693118,1000.3157958984376,1156788,0.0,0,943171968
2021-11-26,987.1045526644824,992.0899291930908,948.218615741336,953.1043090820312,2208386,0.0,0,943171968
2021-11-29,953.054428113364,961.18061638082,916.0131161848764,934.2595825195312,2794403,0.0,0,943171968
2021-11-30,937.2508019011376,972.0487549526796,937.2508019011376,947.7200927734376,3012653,0.0,0,943171968
2021-12-01,962.177686866399,964.470947938378,937.350486976617,957.042724609375,1773294,0.0,0,943171968
2021-12-02,966.1161269237672,981.8200629445636,962.1776673059522,978.0311889648438,1636771,0.0,0,943171968
2021-12-03,988.10162727955,996.0782297197482,976.1367236192526,987.3538208007812,1278886,0.0,0,943171968
2021-12-06,992.538614540988,992.538614540988,967.8111593972662,977.1337890625,952124,0.0,0,943171968
2021-12-07,987.1045617328056,1004.0548420857932,977.63234624143,997.5738525390624,784948,0.0,0,943171968
2021-12-08,1002.0606677456044,1017.0167971149416,1000.2161027993778,1014.5241088867188,1427329,0.0,0,943171968
2021-12-09,1014.5241112974716,1015.9698826446056,947.2215289755264,952.9547119140624,7421046,0.0,0,943171968
2021-12-10,952.954734631961,961.1307644062014,917.359133628446,919.2536010742188,7864424,0.0,0,943171968
2021-12-13,932.2654036448062,932.2654036448062,915.3151235785368,917.9573974609376,2458493,0.0,0,943171968
2021-12-14,917.309292956844,917.9574162564836,893.4293269090836,899.6112060546875,7430675,0.0,0,943171968
2021-12-15,905.045266696369,907.2388445391264,888.8926345808889,894.6756591796875,3156296,0.0,0,943171968
2021-12-16,896.3707124743165,917.309294189512,893.080376090401,913.9691162109376,3203345,0.0,0,943171968
2021-12-17,916.2623967761552,917.3093137128672,892.4821133795004,900.4088745117188,3014914,0.0,0,943171968
2021-12-20,892.3823954088632,895.3736213152616,857.684187065971,865.9598999023438,2538736,0.0,0,943171968
2021-12-21,876.4292116174388,891.5847687450655,868.9013050769236,888.543701171875,1562111,0.0,0,943171968
2021-12-22,888.5935187684545,896.8692315800203,883.2092878104182,890.8867797851562,1531026,0.0,0,943171968
2021-12-23,896.3707342825135,906.1420604826726,892.4322745022671,904.6962890625,1050392,0.0,0,943171968
2021-12-24,907.3385146670053,912.3238911212196,896.3706864677338,904.5965576171876,1362134,0.0,0,943171968
2021-12-27,897.3678031375097,903.3502551584264,888.4439667016458,901.1566772460938,746856,0.0,0,943171968
2021-12-28,906.1420089094704,913.7198176067922,902.2534518030628,910.1303100585938,1012274,0.0,0,943171968
2021-12-29,915.3151476368616,924.7873632169816,910.3796126106272,918.0072631835938,1243862,0.0,0,943171968
2021-12-30,916.3122395127406,922.8929124288233,904.8458730770534,919.552734375,1755616,0.0,0,943171968
2021-12-31,912.8224586550368,927.678905317696,912.8224586550368,925.4354858398438,956297,0.0,0,943171968
